hostname-cleaned,canonical-to-text,ga-total-views,techstack-status,techstack-opensource-platform,techstack-platform,techstack-frameworks
ca.gov,ca.gov,"130,124,240",200,no,ASP.NET (proprietary/custom),Google Fonts
edd.ca.gov,edd.ca.gov,"43,663,502",200,no,ASP.NET (proprietary/custom),Google Analytics; Google Fonts; Google Tag Manager; jQuery
dmv.ca.gov,dmv.ca.gov,"37,408,434",200,unknown,undetermined,
uio.edd.ca.gov,uio.edd.ca.gov,"28,327,942",200,unknown,undetermined,
calcareers.ca.gov,calcareers.ca.gov,"14,400,328",200,no,ASP.NET (proprietary/custom),Bootstrap; Google Analytics; jQuery
dca.ca.gov,dca.ca.gov,"6,236,212",200,yes,WordPress,
ccrpd.network1.corp.edd.ca.gov,ccrpd.network1.corp.edd.ca.gov,"6,173,894",none,error,undetermined,
search.dca.ca.gov,search.dca.ca.gov,"5,630,140",200,yes,Joomla,
ftb.ca.gov,ftb.ca.gov,"4,022,519",403,unknown,undetermined,
dir.ca.gov,dir.ca.gov,"2,478,727",200,no,ASP.NET (proprietary/custom),Google Analytics; Google Fonts; Google Tag Manager; jQuery
cdph.ca.gov,cdph.ca.gov,"2,319,088",none,error,undetermined,
dot.ca.gov,dot.ca.gov,"1,736,351",200,no,Sitecore,Bootstrap; Google Analytics; Google Fonts; Google Tag Manager; Modernizr; YouTube Embed; jQuery
cleantruckcheck.arb.ca.gov,cleantruckcheck.arb.ca.gov,"1,461,454",200,unknown,undetermined,
ctc.ca.gov,ctc.ca.gov,"1,211,923",403,unknown,undetermined,
caloes.ca.gov,caloes.ca.gov,"857,278",none,error,undetermined,
gov.ca.gov,gov.ca.gov,"760,133",200,yes,WordPress,
abc.ca.gov,abc.ca.gov,"727,083",200,yes,WordPress,
rn.ca.gov,rn.ca.gov,"696,218",200,no,ASP.NET (proprietary/custom),Google Analytics; Google Tag Manager; Modernizr; YouTube Embed; jQuery
childsupport.ca.gov,childsupport.ca.gov,"694,384",403,unknown,undetermined,
calhr.ca.gov,calhr.ca.gov,"612,842",403,unknown,undetermined,
dtsc.ca.gov,dtsc.ca.gov,"545,073",403,unknown,undetermined,
privacy.ca.gov,privacy.ca.gov,"518,846",403,unknown,undetermined,
calcivilrights.ca.gov,calcivilrights.ca.gov,"509,577",403,unknown,undetermined,
p65warnings.ca.gov,p65warnings.ca.gov,"439,979",200,unknown,undetermined,
chp.ca.gov,chp.ca.gov,"436,527",200,no,ASP.NET (proprietary/custom),Cloudflare; Google Tag Manager; Modernizr; jQuery
my.dmv.ca.gov,my.dmv.ca.gov,"403,676",200,yes,WordPress,
mbc.ca.gov,mbc.ca.gov,"372,131",200,no,ASP.NET (proprietary/custom),Google Tag Manager
dor.ca.gov,dor.ca.gov,"363,933",200,no,ASP.NET (proprietary/custom),Google Analytics; YouTube Embed
boe.ca.gov,boe.ca.gov,"358,400",200,no,ASP.NET (proprietary/custom),Google Analytics; Google Fonts; Google Tag Manager; jQuery
hcai.ca.gov,hcai.ca.gov,"334,880",200,yes,WordPress,
ctcvis-pft.org,ctcvis-pft.org,"315,257",none,error,undetermined,
medassist.cdph.ca.gov,medassist.cdph.ca.gov,"284,024",200,unknown,undetermined,
calrecycle.ca.gov,calrecycle.ca.gov,"272,485",200,yes,WordPress,
hwts.dtsc.ca.gov,hwts.dtsc.ca.gov,"259,499",403,unknown,undetermined,
pharmacy.ca.gov,pharmacy.ca.gov,"239,876",200,unknown,undetermined,
oehha.ca.gov,oehha.ca.gov,"221,953",200,unknown,undetermined,
calvet.ca.gov,calvet.ca.gov,"219,326",none,error,undetermined,
bbs.ca.gov,bbs.ca.gov,"206,365",200,yes,WordPress,
conservation.ca.gov,conservation.ca.gov,"186,545",200,no,ASP.NET (proprietary/custom),Google Analytics; Modernizr; jQuery
hsr.ca.gov,hsr.ca.gov,"179,872",200,unknown,undetermined,
barbercosmo.ca.gov,barbercosmo.ca.gov,"165,323",200,unknown,undetermined,
bsis.ca.gov,bsis.ca.gov,"159,532",200,yes,Joomla,
aging.ca.gov,aging.ca.gov,"153,080",200,no,Granicus / GovDelivery (proprietary vendor),Bootstrap; Font Awesome; Google Analytics; Google Fonts; Modernizr; jQuery; jQuery UI
csd.ca.gov,csd.ca.gov,"147,973",200,no,ASP.NET (proprietary/custom),Google Analytics; Modernizr; jQuery
benefits.calhr.ca.gov,benefits.calhr.ca.gov,"145,899",200,yes,WordPress,
myfamily.wic.ca.gov,myfamily.wic.ca.gov,"130,260",200,no,ASP.NET (proprietary/custom),Google Analytics; YouTube Embed; jQuery; jQuery UI
dmhc.ca.gov,dmhc.ca.gov,"124,683",403,unknown,undetermined,
cwds.ca.gov,cwds.ca.gov,"115,250",307,unknown,undetermined,
cchcs.ca.gov,cchcs.ca.gov,"109,488",403,unknown,undetermined,
cdt.ca.gov,cdt.ca.gov,"108,737",200,yes,WordPress,
lci.ca.gov,lci.ca.gov,"107,875",200,yes,WordPress,
capiaa.ca.gov,capiaa.ca.gov,"105,369",403,unknown,undetermined,
calepa.ca.gov,calepa.ca.gov,"105,099",200,yes,WordPress,
coastal.ca.gov,coastal.ca.gov,"103,370",200,yes,WordPress,
bpelsg.ca.gov,bpelsg.ca.gov,"97,434",200,unknown,undetermined,
dof.ca.gov,dof.ca.gov,"96,196",200,unknown,undetermined,
bvnpt.ca.gov,bvnpt.ca.gov,"96,139",200,no,ASP.NET (proprietary/custom),Google Analytics; Google Tag Manager; Modernizr; jQuery
cannabis.ca.gov,cannabis.ca.gov,"86,530",200,yes,WordPress,
sierranevada.ca.gov,sierranevada.ca.gov,"85,246",200,yes,WordPress,
dbc.ca.gov,dbc.ca.gov,"85,096",200,unknown,undetermined,
library.ca.gov,library.ca.gov,"78,819",403,unknown,undetermined,
bppe.ca.gov,bppe.ca.gov,"73,125",200,unknown,undetermined,
racialequity.lci.ca.gov,racialequity.lci.ca.gov,"72,743",200,yes,WordPress,
dev-www.dor.ca.gov,dev-www.dor.ca.gov,"70,553",200,no,ASP.NET (proprietary/custom),Google Analytics; YouTube Embed
payments.dca.ca.gov,payments.dca.ca.gov,"70,500",200,yes,Joomla,
cppa.ca.gov,cppa.ca.gov,"68,782",200,yes,Joomla,
oal.ca.gov,oal.ca.gov,"68,757",200,yes,WordPress,
qr.dmv.ca.gov,qr.dmv.ca.gov,"68,426",200,unknown,undetermined,
evq.dtsc.ca.gov,evq.dtsc.ca.gov,"66,035",403,unknown,undetermined,
tahoe.ca.gov,tahoe.ca.gov,"62,838",403,unknown,undetermined,
educatortools.ctc.ca.gov,educatortools.ctc.ca.gov,"58,634",403,unknown,undetermined,
speechandhearing.ca.gov,speechandhearing.ca.gov,"54,537",200,unknown,undetermined,
psychology.ca.gov,psychology.ca.gov,"53,456",200,unknown,undetermined,
filerequest.conservation.ca.gov,filerequest.conservation.ca.gov,"53,296",403,unknown,undetermined,
earthquake.ca.gov,earthquake.ca.gov,"51,240",none,error,undetermined,
reducetherisk.ca.gov,reducetherisk.ca.gov,"49,936",none,error,undetermined,
energysafety.ca.gov,energysafety.ca.gov,"47,837",200,yes,WordPress,
lab.data.ca.gov,lab.data.ca.gov,"46,877",200,unknown,undetermined,
perb.ca.gov,perb.ca.gov,"45,113",200,yes,WordPress,
calguard.ca.gov,calguard.ca.gov,"43,747",200,yes,WordPress,
ptbc.ca.gov,ptbc.ca.gov,"43,281",200,no,ASP.NET (proprietary/custom),Bootstrap; Google Analytics; Google Fonts; Google Tag Manager; jQuery
cuiab.ca.gov,cuiab.ca.gov,"42,780",200,yes,WordPress,
vmb.ca.gov,vmb.ca.gov,"40,591",200,yes,WordPress,
taxes.ca.gov,taxes.ca.gov,"40,280",200,yes,WordPress,
scdd.ca.gov,scdd.ca.gov,"40,265",200,yes,WordPress,
pestboard.ca.gov,pestboard.ca.gov,"38,386",200,unknown,undetermined,
ots.ca.gov,ots.ca.gov,"37,190",200,yes,WordPress,
web.dir.ca.gov,web.dir.ca.gov,"36,398",none,error,undetermined,
hsr-staging.hsr.ca.gov,hsr-staging.hsr.ca.gov,"35,677",200,unknown,undetermined,
scc.ca.gov,scc.ca.gov,"35,059",200,yes,WordPress,
cers.calepa.ca.gov,cers.calepa.ca.gov,"33,135",200,yes,WordPress,
californiavolunteers.ca.gov,californiavolunteers.ca.gov,"32,405",403,unknown,undetermined,
dcss.ca.gov,dcss.ca.gov,"32,056",200,yes,WordPress,
cab.ca.gov,cab.ca.gov,"30,732",200,unknown,undetermined,
bot.ca.gov,bot.ca.gov,"30,306",200,unknown,undetermined,
esiuar.insurance.ca.gov,esiuar.insurance.ca.gov,"30,112",200,no,ASP.NET (proprietary/custom),Bootstrap; Google Tag Manager; jQuery
preview-dot.dot.ca.gov,preview-dot.dot.ca.gov,"29,444",none,error,undetermined,
apps.calvet.ca.gov,apps.calvet.ca.gov,"27,897",none,error,undetermined,
cwdb.ca.gov,cwdb.ca.gov,"27,886",200,yes,WordPress,
catc.ca.gov,catc.ca.gov,"27,124",200,no,Sitecore,Bootstrap; Google Analytics; Google Fonts; Modernizr; jQuery
sgc.ca.gov,sgc.ca.gov,"26,447",200,yes,WordPress,
slc.ca.gov,slc.ca.gov,"24,997",200,yes,WordPress,
capitolmuseum.ca.gov,capitolmuseum.ca.gov,"24,828",200,yes,WordPress,
rcb.ca.gov,rcb.ca.gov,"24,828",200,yes,WordPress,
hsr-test.hsr.ca.gov,hsr-test.hsr.ca.gov,"24,314",200,yes,WordPress,
wpso.dmhc.ca.gov,wpso.dmhc.ca.gov,"22,925",403,unknown,undetermined,
bscc.ca.gov,bscc.ca.gov,"22,718",none,error,undetermined,
ombc.ca.gov,ombc.ca.gov,"22,608",200,no,ASP.NET (proprietary/custom),Bootstrap; Google Analytics; Google Fonts; Google Tag Manager; jQuery
bcdc.ca.gov,bcdc.ca.gov,"21,913",200,yes,WordPress,
v2gel.energy.ca.gov,v2gel.energy.ca.gov,"21,552",200,no,ASP.NET (proprietary/custom),Bootstrap; Google Analytics; Google Fonts; Modernizr; jQuery
maps.conservation.ca.gov,maps.conservation.ca.gov,"21,343",403,unknown,undetermined,
courtreportersboard.ca.gov,courtreportersboard.ca.gov,"20,986",200,yes,WordPress,
solarequipment.energy.ca.gov,solarequipment.energy.ca.gov,"20,711",200,no,ASP.NET (proprietary/custom),Google Analytics; Google Fonts; jQuery
labor.ca.gov,labor.ca.gov,"20,674",200,yes,WordPress,
localhost,localhost,"20,283",none,error,undetermined,
cdpr.ca.gov,cdpr.ca.gov,"20,242",200,yes,WordPress,
calpest.cdpr.ca.gov,calpest.cdpr.ca.gov,"20,107",200,yes,WordPress,
bhgs.dca.ca.gov,bhgs.dca.ca.gov,"19,947",200,unknown,undetermined,
news.caloes.ca.gov,news.caloes.ca.gov,"19,523",none,error,undetermined,
eservices.calhr.ca.gov,eservices.calhr.ca.gov,"19,522",403,no,ASP.NET (proprietary/custom),
pab.ca.gov,pab.ca.gov,"19,452",200,unknown,undetermined,
chiro.ca.gov,chiro.ca.gov,"18,936",200,no,ASP.NET (proprietary/custom),Google Analytics; jQuery
ocpsc.ca.gov,ocpsc.ca.gov,"18,443",200,yes,WordPress,
cfb.ca.gov,cfb.ca.gov,"18,388",200,yes,Drupal,
broadbandforall.cdt.ca.gov,broadbandforall.cdt.ca.gov,"18,367",200,yes,WordPress,
d06web,d06web,"17,926",none,error,undetermined,
qa.calcareers.ca.gov,qa.calcareers.ca.gov,"16,790",403,unknown,undetermined,
acupuncture.ca.gov,acupuncture.ca.gov,"16,662",200,unknown,undetermined,
d06web.dot.ca.gov,d06web.dot.ca.gov,"15,941",none,error,undetermined,
learning.parks.ca.gov,learning.parks.ca.gov,"15,890",200,yes,WordPress,
etp.ca.gov,etp.ca.gov,"15,749",200,yes,WordPress,
wftiic.ca.gov,wftiic.ca.gov,"15,645",none,error,undetermined,
mets.dot.ca.gov,mets.dot.ca.gov,"15,493",403,unknown,undetermined,
ltg.ca.gov,ltg.ca.gov,"15,298",200,yes,WordPress,
optometry.ca.gov,optometry.ca.gov,"14,868",200,unknown,undetermined,
ota.ca.gov,ota.ca.gov,"14,726",200,yes,WordPress,
dhbc.ca.gov,dhbc.ca.gov,"14,621",200,no,ASP.NET (proprietary/custom),Google Analytics; Google Fonts; Google Tag Manager; jQuery
alrb.ca.gov,alrb.ca.gov,"14,075",403,unknown,undetermined,
uiost16int.network1.corp.edd.ca.gov,uiost16int.network1.corp.edd.ca.gov,"13,058",none,error,undetermined,
sandbox.data.ca.gov,sandbox.data.ca.gov,"12,416",200,unknown,undetermined,
cjp.ca.gov,cjp.ca.gov,"11,977",200,yes,WordPress,
tqr.dtsc.ca.gov,tqr.dtsc.ca.gov,"11,855",403,unknown,undetermined,Cloudflare
women.ca.gov,women.ca.gov,"11,818",200,yes,WordPress,
author.cdph.ca.gov,author.cdph.ca.gov,"11,669",none,error,undetermined,
parentage.dcss.ca.gov,parentage.dcss.ca.gov,"11,249",200,yes,WordPress,
strtp.ccld.dss.ca.gov,strtp.ccld.dss.ca.gov,"11,128",200,no,ASP.NET (proprietary/custom),
innovation.ca.gov,innovation.ca.gov,"10,242",200,unknown,undetermined,
intranet.calepa.ca.gov,intranet.calepa.ca.gov,"9,841",200,yes,WordPress,
pfwt.reducetherisk.ca.gov,pfwt.reducetherisk.ca.gov,"9,394",200,yes,WordPress,
uiosit4int.network1.corp.edd.ca.gov,uiosit4int.network1.corp.edd.ca.gov,"9,255",none,error,undetermined,
calsta.ca.gov,calsta.ca.gov,"9,164",200,no,Sitecore,Bootstrap; Google Analytics; Google Fonts; Modernizr; YouTube Embed; jQuery
bopc.ca.gov,bopc.ca.gov,"9,152",200,yes,WordPress,
offline.local,offline.local,"8,877",none,error,undetermined,
webstandards.ca.gov,webstandards.ca.gov,"8,717",200,yes,WordPress,
apps.wildlife.ca.gov,apps.wildlife.ca.gov,"8,604",200,unknown,undetermined,
latc.ca.gov,latc.ca.gov,"8,021",,,,
uiosit11int.network1.corp.edd.ca.gov,uiosit11int.network1.corp.edd.ca.gov,"7,944",,,,
biomonitoring.ca.gov,biomonitoring.ca.gov,"7,901",,,,
ports.parks.ca.gov,ports.parks.ca.gov,"7,719",,,,
calich.ca.gov,calich.ca.gov,"7,705",,,,
medassistportal.cdph.ca.gov,medassistportal.cdph.ca.gov,"7,570",,,,
meetings.ctc.ca.gov,meetings.ctc.ca.gov,"7,361",,,,
rrd.dor.ca.gov,rrd.dor.ca.gov,"7,135",,,,
domainnamerequest.cdt.ca.gov,domainnamerequest.cdt.ca.gov,"7,038",,,,
fosteryouthhelp.ca.gov,fosteryouthhelp.ca.gov,"6,900",,,,
grants.ctc.ca.gov,grants.ctc.ca.gov,"6,365",,,,
ccoa.ca.gov,ccoa.ca.gov,"6,348",,,,
eo.cdfa.ca.gov,eo.cdfa.ca.gov,"6,247",,,,
uiosit6int.network1.corp.edd.ca.gov,uiosit6int.network1.corp.edd.ca.gov,"6,224",,,,
authoring-temp.consrv.ca.gov,authoring-temp.consrv.ca.gov,"6,180",,,,
phaestmswebit04.cdphintra.ca.gov,phaestmswebit04.cdphintra.ca.gov,"6,157",,,,
youthempowerment.ca.gov,youthempowerment.ca.gov,"6,075",,,,
template.webstandards.ca.gov,template.webstandards.ca.gov,"5,997",,,,
calfreshhealthyliving.cdph.ca.gov,calfreshhealthyliving.cdph.ca.gov,"5,995",,,,
bcsa.ca.gov,bcsa.ca.gov,"5,669",,,,
cms.edd.ca.gov,cms.edd.ca.gov,"5,639",,,,
ctcvis-syt.org,ctcvis-syt.org,"5,373",,,,
oycr.ca.gov,oycr.ca.gov,"5,276",,,,
osg.ca.gov,osg.ca.gov,"5,235",,,,
ccop.dot.ca.gov,ccop.dot.ca.gov,"5,233",,,,
mpa.aging.ca.gov,mpa.aging.ca.gov,"4,871",,,,
wedrawthelines.ca.gov,wedrawthelines.ca.gov,"4,815",,,,
osar.bppe.ca.gov,osar.bppe.ca.gov,"4,812",,,,
naturopathic.ca.gov,naturopathic.ca.gov,"4,768",,,,
bes.dtsc.ca.gov,bes.dtsc.ca.gov,"4,342",,,,
uiost10int.network1.corp.edd.ca.gov,uiost10int.network1.corp.edd.ca.gov,"4,335",,,,
projectresources.cdt.ca.gov,projectresources.cdt.ca.gov,"4,292",,,,
pmbc.ca.gov,pmbc.ca.gov,"4,240",,,,
genai.ca.gov,genai.ca.gov,"4,225",,,,
author-dot.dot.ca.gov,author-dot.dot.ca.gov,"4,223",,,,
climateresilience.ca.gov,climateresilience.ca.gov,"4,092",,,,
test.edd.ca.gov,test.edd.ca.gov,"4,036",,,,
wildfirerecovery.caloes.ca.gov,wildfirerecovery.caloes.ca.gov,"4,028",,,,
bcsh.ca.gov,bcsh.ca.gov,"4,027",,,,
climateaction.ca.gov,climateaction.ca.gov,"4,019",,,,
wsi2st.dmv.ca.gov,wsi2st.dmv.ca.gov,"4,011",,,,
ig.dot.ca.gov,ig.dot.ca.gov,"3,911",,,,
celebrate.ca.gov,celebrate.ca.gov,"3,838",,,,
.waterboards.ca.gov,.waterboards.ca.gov,"3,805",,,,
dv-bhgs-new.int.dca.ca.gov,dv-bhgs-new.int.dca.ca.gov,"3,721",,,,
build.ca.gov,build.ca.gov,"3,625",,,,
ceden.waterboards.ca.gov,ceden.waterboards.ca.gov,"3,603",,,,
govops.ca.gov,govops.ca.gov,"3,579",,,,
cubsperfrf.network1.corp.edd.ca.gov,cubsperfrf.network1.corp.edd.ca.gov,"3,573",,,,
ssc.ca.gov,ssc.ca.gov,"3,460",,,,
militarycouncil.ca.gov,militarycouncil.ca.gov,"3,286",,,,
uiost14int.network1.corp.edd.ca.gov,uiost14int.network1.corp.edd.ca.gov,"2,929",,,,
cal-atsd.dor.ca.gov,cal-atsd.dor.ca.gov,"2,851",,,,
mentalhealth.ca.gov,mentalhealth.ca.gov,"2,840",,,,
beta.calcareers.ca.gov,beta.calcareers.ca.gov,"2,827",,,,
uiosit11ext.network1.corp.edd.ca.gov,uiosit11ext.network1.corp.edd.ca.gov,"2,642",,,,
accountability.ca.gov,accountability.ca.gov,"2,567",,,,
digitalidstrategy.cdt.ca.gov,digitalidstrategy.cdt.ca.gov,"2,551",,,,
calrx.ca.gov,calrx.ca.gov,"2,546",,,,
tribalaffairs.ca.gov,tribalaffairs.ca.gov,"2,545",,,,
cfda.lci.ca.gov,cfda.lci.ca.gov,"2,506",,,,
cleancalifornia.dot.ca.gov,cleancalifornia.dot.ca.gov,"2,496",,,,
census.ca.gov,census.ca.gov,"2,456",,,,
ecotox.oehha.ca.gov,ecotox.oehha.ca.gov,"2,359",,,,
eaap.ca.gov,eaap.ca.gov,"2,238",,,,
hub.innovation.ca.gov,hub.innovation.ca.gov,"2,194",,,,
wsi2uat.dmv.ca.gov,wsi2uat.dmv.ca.gov,"2,168",,,,
uat.calcareers.ca.gov,uat.calcareers.ca.gov,"2,159",,,,
abcab.ca.gov,abcab.ca.gov,"2,115",,,,
preview-catc.catc.ca.gov,preview-catc.catc.ca.gov,"2,103",,,,
prod.sites.ca.gov,prod.sites.ca.gov,"1,964",,,,
uiost13int.network1.corp.edd.ca.gov,uiost13int.network1.corp.edd.ca.gov,"1,956",,,,
engaged.ca.gov,engaged.ca.gov,"1,837",,,,
shsp.dot.ca.gov,shsp.dot.ca.gov,"1,686",,,,
uiost19ext.network1.corp.edd.ca.gov,uiost19ext.network1.corp.edd.ca.gov,"1,644",,,,
ca-gov.translate.goog,ca-gov.translate.goog,"1,630",,,,
caweb.cdt.ca.gov,caweb.cdt.ca.gov,"1,625",,,,
dv-dca.dca.ca.gov,dv-dca.dca.ca.gov,"1,594",,,,
prod591stg.wpenginepowered.com,prod591stg.wpenginepowered.com,"1,579",,,,
dev.sites.ca.gov,dev.sites.ca.gov,"1,546",,,,
cdev.sites.ca.gov,cdev.sites.ca.gov,"1,545",,,,
wsi2dev.dmv.ca.gov,wsi2dev.dmv.ca.gov,"1,524",,,,
facilitycplan-b2gfgmaff8ezcne8.westus2-01.azurewebsites.net,facilitycplan-b2gfgmaff8ezcne8.westus2-01.azurewebsites.net,"1,407",,,,
oshpd.ca.gov,oshpd.ca.gov,"1,393",,,,
careereducation.gov.ca.gov,careereducation.gov.ca.gov,"1,344",,,,
liob.cpuc.ca.gov,liob.cpuc.ca.gov,"1,326",,,,
ccap.ca.gov,ccap.ca.gov,"1,295",,,,
uiosit13ext.network1.corp.edd.ca.gov,uiosit13ext.network1.corp.edd.ca.gov,"1,278",,,,
train.calcareers.ca.gov,train.calcareers.ca.gov,"1,270",,,,
dv-speechandhearing-new.int.dca.ca.gov,dv-speechandhearing-new.int.dca.ca.gov,"1,260",,,,
d06webd.dot.ca.gov,d06webd.dot.ca.gov,"1,132",,,,
code.ca.gov,code.ca.gov,"1,132",,,,
preview-calsta.calsta.ca.gov,preview-calsta.calsta.ca.gov,"1,107",,,,
calpest-poc.powerappsportals.us,calpest-poc.powerappsportals.us,"1,088",,,,
wpgovernors.library.ca.gov,wpgovernors.library.ca.gov,"1,083",,,,
stage.ftb.ca.gov,stage.ftb.ca.gov,"1,024",,,,
victims.prod.sites.ca.gov,victims.prod.sites.ca.gov,"1,022",,,,
authoring.consrv.ca.gov,authoring.consrv.ca.gov,"1,019",,,,
cscpsearch.cdph.ca.gov,cscpsearch.cdph.ca.gov,"1,011",,,,
handbook.data.ca.gov,handbook.data.ca.gov,993,,,,
calsilc.ca.gov,calsilc.ca.gov,984,,,,
ceic.ca.gov,ceic.ca.gov,976,,,,
siu.insurance.ca.gov,siu.insurance.ca.gov,934,,,,
dof-dev.esd.p.azurewebsites.net,dof-dev.esd.p.azurewebsites.net,866,,,,
cei.post.ca.gov,cei.post.ca.gov,863,,,,
es.dor.ca.gov,es.dor.ca.gov,857,,,,
ca-dmv.preprod.simpligov.com,ca-dmv.preprod.simpligov.com,855,,,,
waterchallenge.data.ca.gov,waterchallenge.data.ca.gov,842,,,,
stage-medassist.cdph.ca.gov,stage-medassist.cdph.ca.gov,841,,,,
archive,archive,823,,,,
test.boe.ca.gov,test.boe.ca.gov,822,,,,
serve.ca.gov,serve.ca.gov,802,,,,
capmf.cdt.ca.gov,capmf.cdt.ca.gov,791,,,,
envision2026.cdt.ca.gov,envision2026.cdt.ca.gov,772,,,,
test2.edd.ca.gov,test2.edd.ca.gov,768,,,,
zh-cn.dor.ca.gov,zh-cn.dor.ca.gov,765,,,,
designsystem.ca.gov,designsystem.ca.gov,761,,,,
cslstaging.library.ca.gov,cslstaging.library.ca.gov,736,,,,
testweb.coastal.ca.gov,testweb.coastal.ca.gov,728,,,,
admin-dev.alert.cdt.ca.gov,admin-dev.alert.cdt.ca.gov,715,,,,
stopfraud.ca.gov,stopfraud.ca.gov,707,,,,
pfwt.caloes.ca.gov,pfwt.caloes.ca.gov,677,,,,
saferatwork.labor.ca.gov,saferatwork.labor.ca.gov,673,,,,
uiosit14ext.network1.corp.edd.ca.gov,uiosit14ext.network1.corp.edd.ca.gov,673,,,,
archive.gov.ca.gov,archive.gov.ca.gov,673,,,,
preview-ig.dot.ca.gov,preview-ig.dot.ca.gov,647,,,,
spwb.ca.gov,spwb.ca.gov,636,,,,
uiosit14int.network1.corp.edd.ca.gov,uiosit14int.network1.corp.edd.ca.gov,620,,,,
solid.dca.ca.gov,solid.dca.ca.gov,609,,,,
pfwt.news.caloes.ca.gov,pfwt.news.caloes.ca.gov,601,,,,
cchcs.cdev.sites.ca.gov,cchcs.cdev.sites.ca.gov,598,,,,
results.ca.gov,results.ca.gov,588,,,,
portal.dmv.ca.gov.s3-website-us-west-1.amazonaws.com,portal.dmv.ca.gov.s3-website-us-west-1.amazonaws.com,552,,,,
pfwt.earthquake.ca.gov,pfwt.earthquake.ca.gov,550,,,,
testcms.edd.ca.gov,testcms.edd.ca.gov,530,,,,
dv-bcsa.int.dca.ca.gov,dv-bcsa.int.dca.ca.gov,521,,,,
boe-aws-dev,boe-aws-dev,514,,,,
tfdd,tfdd,502,,,,
ctcvis-sbx.org,ctcvis-sbx.org,501,,,,
calvetid.calvet.ca.gov,calvetid.calvet.ca.gov,498,,,,
sv04gisportal.ct.dot.ca.gov,sv04gisportal.ct.dot.ca.gov,491,,,,
bondaccountability.ca.gov,bondaccountability.ca.gov,471,,,,
boe-aws-dev.boe.ca.gov,boe-aws-dev.boe.ca.gov,469,,,,
teamsite,teamsite,442,,,,
wsi2it.dmv.ca.gov,wsi2it.dmv.ca.gov,431,,,,
dmv-ca-gov.translate.goog,dmv-ca-gov.translate.goog,431,,,,
pfwt.wildfirerecovery.caloes.ca.gov,pfwt.wildfirerecovery.caloes.ca.gov,430,,,,
phaestmswebit03.cdphintra.ca.gov,phaestmswebit03.cdphintra.ca.gov,423,,,,
digitalstrategy.cdt.ca.gov,digitalstrategy.cdt.ca.gov,406,,,,
calpest-stage.powerappsportals.us,calpest-stage.powerappsportals.us,404,,,,
pfwt.ssc.ca.gov,pfwt.ssc.ca.gov,400,,,,
complainthelp.dca.ca.gov,complainthelp.dca.ca.gov,396,,,,
housing.ca.gov,housing.ca.gov,393,,,,
d06webt,d06webt,393,,,,
ccop-staging.dot.ca.gov,ccop-staging.dot.ca.gov,392,,,,
d06webt.dot.ca.gov,d06webt.dot.ca.gov,390,,,,
test-www.dor.ca.gov,test-www.dor.ca.gov,387,,,,
dev18cubs.network1.corp.edd.ca.gov,dev18cubs.network1.corp.edd.ca.gov,359,,,,
calfreshhealthyliving.staging.cdph.ca.gov,calfreshhealthyliving.staging.cdph.ca.gov,357,,,,
admin-test.alert.cdt.ca.gov,admin-test.alert.cdt.ca.gov,357,,,,
broadbandcouncil.ca.gov,broadbandcouncil.ca.gov,354,,,,
zh-tw.dor.ca.gov,zh-tw.dor.ca.gov,354,,,,
159.145.8.63,159.145.8.63,350,,,,
webstandards.edd.ca.gov,webstandards.edd.ca.gov,335,,,,
coeotsi.cdev.sites.ca.gov,coeotsi.cdev.sites.ca.gov,332,,,,
hqproductreviews.com,hqproductreviews.com,324,,,,
sco.cdev.sites.ca.gov,sco.cdev.sites.ca.gov,323,,,,
alpha.ca.gov,alpha.ca.gov,317,,,,
134.186.6.8,134.186.6.8,316,,,,
sierranevada-test.cnra.ca.gov,sierranevada-test.cnra.ca.gov,309,,,,
uiosit6ext.network1.corp.edd.ca.gov,uiosit6ext.network1.corp.edd.ca.gov,309,,,,
dev-cagov.cdt.ca.gov,dev-cagov.cdt.ca.gov,308,,,,
office-of-digital-services.github.io,office-of-digital-services.github.io,301,,,,
dv-psychology.int.dca.ca.gov,dv-psychology.int.dca.ca.gov,297,,,,
sbb.wildlife.ca.gov,sbb.wildlife.ca.gov,295,,,,
dv-pharmacy.int.dca.ca.gov,dv-pharmacy.int.dca.ca.gov,275,,,,
uiost19int.network1.corp.edd.ca.gov,uiost19int.network1.corp.edd.ca.gov,272,,,,
test.aging.ca.gov,test.aging.ca.gov,244,,,,
adt.cdfa.ca.gov,adt.cdfa.ca.gov,240,,,,
tg.abc.ca.gov,tg.abc.ca.gov,240,,,,
uiost12int.network1.corp.edd.ca.gov,uiost12int.network1.corp.edd.ca.gov,239,,,,
osprlegaltestapp-c0fqbyenf9a8afd9.westus2-01.azurewebsites.net,osprlegaltestapp-c0fqbyenf9a8afd9.westus2-01.azurewebsites.net,235,,,,
uiosit8int.network1.corp.edd.ca.gov,uiosit8int.network1.corp.edd.ca.gov,235,,,,
test.template.webstandards.ca.gov,test.template.webstandards.ca.gov,233,,,,
dev-evq.dtsc.ca.local,dev-evq.dtsc.ca.local,223,,,,
dev.calvet.ca.gov,dev.calvet.ca.gov,216,,,,
dp65.oehha.ca.gov,dp65.oehha.ca.gov,213,,,,
racialequity.opr.ca.gov,racialequity.opr.ca.gov,213,,,,
cdph-ca-gov.translate.goog,cdph-ca-gov.translate.goog,210,,,,
blogs.cdfa.ca.gov,blogs.cdfa.ca.gov,207,,,,
test-cagov.cdt.ca.gov,test-cagov.cdt.ca.gov,207,,,,
uiosit17int.network1.corp.edd.ca.gov,uiosit17int.network1.corp.edd.ca.gov,206,,,,
author.csd.ca.gov,author.csd.ca.gov,204,,,,
dv-cppa.int.dca.ca.gov,dv-cppa.int.dca.ca.gov,204,,,,
dv-bppe.int.dca.ca.gov,dv-bppe.int.dca.ca.gov,201,,,,
admin.alert.cdt.ca.gov,admin.alert.cdt.ca.gov,201,,,,
dv-barbercosmo.int.dca.ca.gov,dv-barbercosmo.int.dca.ca.gov,199,,,,
dev.celebrate.ca.gov,dev.celebrate.ca.gov,198,,,,
ko.dor.ca.gov,ko.dor.ca.gov,195,,,,
ctcvis-uat.org,ctcvis-uat.org,195,,,,
dv-dca.int.dca.ca.gov,dv-dca.int.dca.ca.gov,193,,,,
uiosit13int.network1.corp.edd.ca.gov,uiosit13int.network1.corp.edd.ca.gov,193,,,,
dev15uio.network1.corp.edd.ca.gov,dev15uio.network1.corp.edd.ca.gov,190,,,,
dv-chiro-new.int.dca.ca.gov,dv-chiro-new.int.dca.ca.gov,187,,,,
ca-gov-test-1-frontdoor.cdt.ca.gov,ca-gov-test-1-frontdoor.cdt.ca.gov,182,,,,
ig-tst.dot.ca.gov,ig-tst.dot.ca.gov,177,,,,
preview-cleancalifornia.dot.ca.gov,preview-cleancalifornia.dot.ca.gov,176,,,,
library.test,library.test,174,,,,
caalskills.cwdb.ca.gov,caalskills.cwdb.ca.gov,172,,,,
communityhealthstudies.cdph.ca.gov,communityhealthstudies.cdph.ca.gov,168,,,,
uiost11int.network1.corp.edd.ca.gov,uiost11int.network1.corp.edd.ca.gov,167,,,,
grants-training.ctc.ca.gov,grants-training.ctc.ca.gov,166,,,,
preview-ig-tst.dot.ca.gov,preview-ig-tst.dot.ca.gov,166,,,,
stage.accountability.cdt.ca.gov,stage.accountability.cdt.ca.gov,166,,,,
test.digitalidstrategy.cdt.ca.gov,test.digitalidstrategy.cdt.ca.gov,166,,,,
dev.accountability.cdt.ca.gov,dev.accountability.cdt.ca.gov,164,,,,
dev.designsystem.ca.gov,dev.designsystem.ca.gov,163,,,,
cdi-ppcsdfv.azurewebsites.net,cdi-ppcsdfv.azurewebsites.net,162,,,,
dev.stopfraud.ca.gov,dev.stopfraud.ca.gov,162,,,,
test.celebrate.ca.gov,test.celebrate.ca.gov,162,,,,
dv-osar.int.dca.ca.gov,dv-osar.int.dca.ca.gov,161,,,,
dv-rn.int.dca.ca.gov,dv-rn.int.dca.ca.gov,160,,,,
vi.dor.ca.gov,vi.dor.ca.gov,160,,,,
dev.template.webstandards.ca.gov,dev.template.webstandards.ca.gov,159,,,,
dev.digitalidstrategy.cdt.ca.gov,dev.digitalidstrategy.cdt.ca.gov,156,,,,
uiosit7int.network1.corp.edd.ca.gov,uiosit7int.network1.corp.edd.ca.gov,153,,,,
admin-staging.alert.cdt.ca.gov,admin-staging.alert.cdt.ca.gov,153,,,,
educatortools-qa.ctc.ca.gov,educatortools-qa.ctc.ca.gov,152,,,,
hermes.sconet.ca.gov,hermes.sconet.ca.gov,152,,,,
mbc-ca-gov.translate.goog,mbc-ca-gov.translate.goog,151,,,,
staging.archive.gov.ca.gov,staging.archive.gov.ca.gov,151,,,,
testsp.csd.ca.gov,testsp.csd.ca.gov,150,,,,
zh-cn.cal-atsd.dor.ca.gov,zh-cn.cal-atsd.dor.ca.gov,147,,,,
test.envision2026.cdt.ca.gov,test.envision2026.cdt.ca.gov,145,,,,
uiost20int.network1.corp.edd.ca.gov,uiost20int.network1.corp.edd.ca.gov,143,,,,
redbull008,redbull008,143,,,,
phaestmswebid04.cdphintra.ca.gov,phaestmswebid04.cdphintra.ca.gov,138,,,,
listmanager.ftb.ca.gov,listmanager.ftb.ca.gov,137,,,,
ev.abc.ca.gov,ev.abc.ca.gov,137,,,,
uiosit15int.network1.corp.edd.ca.gov,uiosit15int.network1.corp.edd.ca.gov,136,,,,
km.dor.ca.gov,km.dor.ca.gov,135,,,,
dev.domainnamerequest.cdt.ca.gov,dev.domainnamerequest.cdt.ca.gov,134,,,,
bartemplate.dca.ca.gov,bartemplate.dca.ca.gov,132,,,,
ctcvis-prdsup.org,ctcvis-prdsup.org,132,,,,
testing.ccoa.ca.gov,testing.ccoa.ca.gov,131,,,,
uiosit10int.network1.corp.edd.ca.gov,uiosit10int.network1.corp.edd.ca.gov,131,,,,
dv-dbc.int.dca.ca.gov,dv-dbc.int.dca.ca.gov,128,,,,
intranet.ots.ca.gov,intranet.ots.ca.gov,128,,,,
dv-vmb.int.dca.ca.gov,dv-vmb.int.dca.ca.gov,127,,,,
fmipworkshop-uat.cdfa.ca.gov,fmipworkshop-uat.cdfa.ca.gov,127,,,,
fmipworkshop.cdfa.ca.gov,fmipworkshop.cdfa.ca.gov,127,,,,
uiosit17ext.network1.corp.edd.ca.gov,uiosit17ext.network1.corp.edd.ca.gov,127,,,,
159.145.8.19,159.145.8.19,124,,,,
creec.conservation.ca.gov,creec.conservation.ca.gov,124,,,,
dv-bbs.int.dca.ca.gov,dv-bbs.int.dca.ca.gov,124,,,,
d2ci82p1s8eczl.cloudfront.net,d2ci82p1s8eczl.cloudfront.net,123,,,,
devcfda.lci.ca.gov,devcfda.lci.ca.gov,123,,,,
accsel,accsel,122,,,,
caltrans8.info,caltrans8.info,121,,,,
mbc-test.dca.ca.gov,mbc-test.dca.ca.gov,120,,,,
dev21uio.network1.corp.edd.ca.gov,dev21uio.network1.corp.edd.ca.gov,118,,,,
uiosit10ext.network1.corp.edd.ca.gov,uiosit10ext.network1.corp.edd.ca.gov,116,,,,
devhwts.dtsc.ca.local,devhwts.dtsc.ca.local,115,,,,
isbinternet.mbc.ca.gov,isbinternet.mbc.ca.gov,113,,,,
phaestmswebid03.cdphintra.ca.gov,phaestmswebid03.cdphintra.ca.gov,113,,,,
fmipworkshop-test.cdfa.ca.gov,fmipworkshop-test.cdfa.ca.gov,112,,,,
dot-tst.dot.ca.gov,dot-tst.dot.ca.gov,109,,,,
oehha-ca-gov.translate.goog,oehha-ca-gov.translate.goog,108,,,,
134.186.201.137,134.186.201.137,107,,,,
uiost9ext.network1.corp.edd.ca.gov,uiost9ext.network1.corp.edd.ca.gov,107,,,,
stage-medassistportal.cdph.ca.gov,stage-medassistportal.cdph.ca.gov,105,,,,
redbull008.cdfa.local,redbull008.cdfa.local,103,,,,
tl.dor.ca.gov,tl.dor.ca.gov,103,,,,
dev18uio.network1.corp.edd.ca.gov,dev18uio.network1.corp.edd.ca.gov,102,,,,
uiost12ext.network1.corp.edd.ca.gov,uiost12ext.network1.corp.edd.ca.gov,101,,,,
cdi-siu-eacr-test-web.azurewebsites.net,cdi-siu-eacr-test-web.azurewebsites.net,100,,,,
wpsotest.dmhc.ca.gov,wpsotest.dmhc.ca.gov,100,,,,
archive.inside.cdpr.ca.gov,archive.inside.cdpr.ca.gov,99,,,,
134.186.201.138,134.186.201.138,98,,,,
meetings-qa.ctc.ca.gov,meetings-qa.ctc.ca.gov,98,,,,
hwtsadmin.dtsc.ca.local,hwtsadmin.dtsc.ca.local,97,,,,
dev-cal-atsd.dor.ca.gov,dev-cal-atsd.dor.ca.gov,96,,,,
jbum-new-homepage.pr.hub.innovation.ca.gov,jbum-new-homepage.pr.hub.innovation.ca.gov,94,,,,
dev21cubs.network1.corp.edd.ca.gov,dev21cubs.network1.corp.edd.ca.gov,92,,,,
medpested.oehha.ca.gov,medpested.oehha.ca.gov,92,,,,
pfwt.wftiic.ca.gov,pfwt.wftiic.ca.gov,92,,,,
tempcoverage.cdph.ca.gov,tempcoverage.cdph.ca.gov,92,,,,
edd-ca-gov.translate.goog,edd-ca-gov.translate.goog,91,,,,
author-dot-tst.dot.ca.gov,author-dot-tst.dot.ca.gov,90,,,,
134.186.201.140,134.186.201.140,89,,,,
dv-cab.int.dca.ca.gov,dv-cab.int.dca.ca.gov,89,,,,
mhd-test.cdfa.ca.gov,mhd-test.cdfa.ca.gov,89,,,,
toa.otsi.ca.gov,toa.otsi.ca.gov,89,,,,
accepthwts.dtsc.ca.local,accepthwts.dtsc.ca.local,88,,,,
calhr.cdev.sites.ca.gov,calhr.cdev.sites.ca.gov,87,,,,
coe.otsi.ca.gov,coe.otsi.ca.gov,86,,,,
dev14cubs.network1.corp.edd.ca.gov,dev14cubs.network1.corp.edd.ca.gov,86,,,,
es.cal-atsd.dor.ca.gov,es.cal-atsd.dor.ca.gov,86,,,,
wp1.sconet.ca.gov,wp1.sconet.ca.gov,86,,,,
uiost17int.network1.corp.edd.ca.gov,uiost17int.network1.corp.edd.ca.gov,85,,,,
testcfda.lci.ca.gov,testcfda.lci.ca.gov,84,,,,
p65warnings-ca-gov.translate.goog,p65warnings-ca-gov.translate.goog,84,,,,
dv-optometry.int.dca.ca.gov,dv-optometry.int.dca.ca.gov,83,,,,
calsta-tst.calsta.ca.gov,calsta-tst.calsta.ca.gov,83,,,,
eventbrite.com,eventbrite.com,81,,,,
ko.cal-atsd.dor.ca.gov,ko.cal-atsd.dor.ca.gov,79,,,,
dev.consrv.ca.gov,dev.consrv.ca.gov,79,,,,
authoring-dev.consrv.ca.gov,authoring-dev.consrv.ca.gov,78,,,,
cchcs-ca-gov.prod591stg.wpenginepowered.com,cchcs-ca-gov.prod591stg.wpenginepowered.com,78,,,,
ww2.cleantruckcheck.arb.ca.gov,ww2.cleantruckcheck.arb.ca.gov,78,,,,
test.calvet.ca.gov,test.calvet.ca.gov,78,,,,
dev12uio.network1.corp.edd.ca.gov,dev12uio.network1.corp.edd.ca.gov,75,,,,
doeh.oehha.ca.gov,doeh.oehha.ca.gov,75,,,,
dv-bhgs.int.dca.ca.gov,dv-bhgs.int.dca.ca.gov,75,,,,
uioperfrf.edd.ca.gov,uioperfrf.edd.ca.gov,75,,,,
staging.domainnamerequest.cdt.ca.gov,staging.domainnamerequest.cdt.ca.gov,73,,,,
tl.cal-atsd.dor.ca.gov,tl.cal-atsd.dor.ca.gov,73,,,,
136.200.245.21,136.200.245.21,72,,,,
stage-cal-atsd.dor.ca.gov,stage-cal-atsd.dor.ca.gov,72,,,,
km.cal-atsd.dor.ca.gov,km.cal-atsd.dor.ca.gov,71,,,,
vi.cal-atsd.dor.ca.gov,vi.cal-atsd.dor.ca.gov,71,,,,
uat-evq.dtsc.ca.local,uat-evq.dtsc.ca.local,70,,,,
zh-tw.cal-atsd.dor.ca.gov,zh-tw.cal-atsd.dor.ca.gov,70,,,,
test-cal-atsd.dor.ca.gov,test-cal-atsd.dor.ca.gov,69,,,,
134.186.201.170,134.186.201.170,68,,,,
calepa.sites.ca.gov,calepa.sites.ca.gov,68,,,,
elationsys.com,elationsys.com,68,,,,
165.235.20.20,165.235.20.20,66,,,,
uiosit16int.network1.corp.edd.ca.gov,uiosit16int.network1.corp.edd.ca.gov,66,,,,
dcss-ca-gov.prod591stg.wpenginepowered.com,dcss-ca-gov.prod591stg.wpenginepowered.com,65,,,,
caweb-cdt-ca-gov.prod591stg.wpenginepowered.com,caweb-cdt-ca-gov.prod591stg.wpenginepowered.com,64,,,,
134.186.201.163,134.186.201.163,61,,,,
broadbandcouncil-ca-gov.prod591stg.wpenginepowered.com,broadbandcouncil-ca-gov.prod591stg.wpenginepowered.com,61,,,,
dev12cubs.network1.corp.edd.ca.gov,dev12cubs.network1.corp.edd.ca.gov,61,,,,
calhr-ca-gov.prod591stg.wpenginepowered.com,calhr-ca-gov.prod591stg.wpenginepowered.com,61,,,,
zh-tw.test-www.dor.ca.gov,zh-tw.test-www.dor.ca.gov,60,,,,
dv-bot.int.dca.ca.gov,dv-bot.int.dca.ca.gov,57,,,,
uat.strtp.ccld.dss.ca.gov,uat.strtp.ccld.dss.ca.gov,57,,,,
appstest.wildlife.ca.gov,appstest.wildlife.ca.gov,56,,,,
cubsstgrf.network1.corp.edd.ca.gov,cubsstgrf.network1.corp.edd.ca.gov,56,,,,
racialequity-lci-ca-gov.prod591stg.wpenginepowered.com,racialequity-lci-ca-gov.prod591stg.wpenginepowered.com,56,,,,
sco.ca.gov,sco.ca.gov,56,,,,
134.186.201.168,134.186.201.168,55,,,,
women-ca-gov.prod591stg.wpenginepowered.com,women-ca-gov.prod591stg.wpenginepowered.com,55,,,,
dev15cubs.network1.corp.edd.ca.gov,dev15cubs.network1.corp.edd.ca.gov,54,,,,
scdd-ca-gov.prod591stg.wpenginepowered.com,scdd-ca-gov.prod591stg.wpenginepowered.com,54,,,,
mcc-covid.crc.pitt.edu,mcc-covid.crc.pitt.edu,53,,,,
capiaa-ca-gov.prod591stg.wpenginepowered.com,capiaa-ca-gov.prod591stg.wpenginepowered.com,52,,,,
slc-ca-gov.prod591stg.wpenginepowered.com,slc-ca-gov.prod591stg.wpenginepowered.com,52,,,,
oak01web,oak01web,51,,,,
uiosit5int.network1.corp.edd.ca.gov,uiosit5int.network1.corp.edd.ca.gov,51,,,,
ctc-ca-gov.translate.goog,ctc-ca-gov.translate.goog,51,,,,
cba-intranet,cba-intranet,50,,,,
dbio.oehha.ca.gov,dbio.oehha.ca.gov,50,,,,
tqrd.dtsc.ca.gov,tqrd.dtsc.ca.gov,50,,,,
127.0.0.1,127.0.0.1,50,,,,
cscpsearchstage.cdph.ca.gov,cscpsearchstage.cdph.ca.gov,49,,,,
dev.ftb.ca.gov,dev.ftb.ca.gov,49,,,,
dv-pestboard.int.dca.ca.gov,dv-pestboard.int.dca.ca.gov,49,,,,
uiointsit1.network1.corp.edd.ca.gov,uiointsit1.network1.corp.edd.ca.gov,48,,,,
ots-ca-gov.prod591stg.wpenginepowered.com,ots-ca-gov.prod591stg.wpenginepowered.com,47,,,,
34.215.117.175,34.215.117.175,46,,,,
67.157.236.172,67.157.236.172,46,,,,
uiosit15ext.network1.corp.edd.ca.gov,uiosit15ext.network1.corp.edd.ca.gov,46,,,,
caweb.cdev.sites.ca.gov,caweb.cdev.sites.ca.gov,45,,,,
cdtcdev.sites.ca.gov,cdtcdev.sites.ca.gov,45,,,,
es.dev-www.dor.ca.gov,es.dev-www.dor.ca.gov,45,,,,
dca-ca-gov.translate.goog,dca-ca-gov.translate.goog,45,,,,
cwdb-ca-gov.prod591stg.wpenginepowered.com,cwdb-ca-gov.prod591stg.wpenginepowered.com,44,,,,
dv-calich.int.dca.ca.gov,dv-calich.int.dca.ca.gov,44,,,,
pacific-atoll-65497.herokuapp.com,pacific-atoll-65497.herokuapp.com,44,,,,
records-test.ctc.ca.gov,records-test.ctc.ca.gov,44,,,,
zh-cn.dev-www.dor.ca.gov,zh-cn.dev-www.dor.ca.gov,44,,,,
uiosit4ext.network1.corp.edd.ca.gov,uiosit4ext.network1.corp.edd.ca.gov,43,,,,
dev.opensource.code.ca.gov,dev.opensource.code.ca.gov,43,,,,
boe-aws-dev-clone,boe-aws-dev-clone,42,,,,
emsa-ca-gov.prod591stg.wpenginepowered.com,emsa-ca-gov.prod591stg.wpenginepowered.com,42,,,,
km.test-www.dor.ca.gov,km.test-www.dor.ca.gov,42,,,,
test-rrd.dor.ca.gov,test-rrd.dor.ca.gov,42,,,,
trainreview,trainreview,42,,,,
es.test-www.dor.ca.gov,es.test-www.dor.ca.gov,41,,,,
privacy-ca-gov.prod591stg.wpenginepowered.com,privacy-ca-gov.prod591stg.wpenginepowered.com,41,,,,
dir-ca-gov.translate.goog,dir-ca-gov.translate.goog,41,,,,
zh-cn.test-www.dor.ca.gov,zh-cn.test-www.dor.ca.gov,41,,,,
fd-cdt-shrd-p003-e0amb4dvf0dabne6.z01.azurefd.net,fd-cdt-shrd-p003-e0amb4dvf0dabne6.z01.azurefd.net,40,,,,
tl.test-www.dor.ca.gov,tl.test-www.dor.ca.gov,40,,,,
uiosit7ext.network1.corp.edd.ca.gov,uiosit7ext.network1.corp.edd.ca.gov,40,,,,
vi.test-www.dor.ca.gov,vi.test-www.dor.ca.gov,40,,,,
bcdc-ca-gov.prod591stg.wpenginepowered.com,bcdc-ca-gov.prod591stg.wpenginepowered.com,40,,,,
test.consrv.ca.gov,test.consrv.ca.gov,40,,,,
archive-gov-ca-gov-for-govbrown-gov39-fchjdaayg7acg2cv.z01.azurefd.net,archive-gov-ca-gov-for-govbrown-gov39-fchjdaayg7acg2cv.z01.azurefd.net,39,,,,
as-cdt-pub-vip-cagov-ww-p-001.azurewebsites.net,as-cdt-pub-vip-cagov-ww-p-001.azurewebsites.net,39,,,,
dv-speechandhearing.int.dca.ca.gov,dv-speechandhearing.int.dca.ca.gov,39,,,,
grants-qa.ctc.ca.gov,grants-qa.ctc.ca.gov,39,,,,
ko.test-www.dor.ca.gov,ko.test-www.dor.ca.gov,39,,,,
serve-ca-gov.prod591stg.wpenginepowered.com,serve-ca-gov.prod591stg.wpenginepowered.com,39,,,,
tl.dev-www.dor.ca.gov,tl.dev-www.dor.ca.gov,39,,,,
vi.dev-www.dor.ca.gov,vi.dev-www.dor.ca.gov,39,,,,
vi.rrd.dor.ca.gov,vi.rrd.dor.ca.gov,39,,,,
cadoc-h7dcc5e5fxb2h5gy.a02.azurefd.net,cadoc-h7dcc5e5fxb2h5gy.a02.azurefd.net,38,,,,
govcdev.sites.ca.gov,govcdev.sites.ca.gov,38,,,,
ko.dev-www.dor.ca.gov,ko.dev-www.dor.ca.gov,38,,,,
dev-rrd.dor.ca.gov,dev-rrd.dor.ca.gov,37,,,,
es.rrd.dor.ca.gov,es.rrd.dor.ca.gov,37,,,,
zh-tw.dev-www.dor.ca.gov,zh-tw.dev-www.dor.ca.gov,37,,,,
authoring-test.consrv.ca.gov,authoring-test.consrv.ca.gov,36,,,,
benefits-calhr-ca-gov.prod591stg.wpenginepowered.com,benefits-calhr-ca-gov.prod591stg.wpenginepowered.com,36,,,,
broadbandforall-cdt-ca-gov.prod591stg.wpenginepowered.com,broadbandforall-cdt-ca-gov.prod591stg.wpenginepowered.com,36,,,,
cuiab-ca-gov.prod591stg.wpenginepowered.com,cuiab-ca-gov.prod591stg.wpenginepowered.com,36,,,,
km.rrd.dor.ca.gov,km.rrd.dor.ca.gov,36,,,,
stage-www.dor.ca.gov,stage-www.dor.ca.gov,36,,,,
zh-tw.rrd.dor.ca.gov,zh-tw.rrd.dor.ca.gov,36,,,,
childsupport-ca-gov.prod591stg.wpenginepowered.com,childsupport-ca-gov.prod591stg.wpenginepowered.com,35,,,,
dv-chiro.int.dca.ca.gov,dv-chiro.int.dca.ca.gov,35,,,,
km.dev-www.dor.ca.gov,km.dev-www.dor.ca.gov,35,,,,
newsroom-qa.ctc.ca.gov,newsroom-qa.ctc.ca.gov,35,,,,
alrb-ca-gov.prod591stg.wpenginepowered.com,alrb-ca-gov.prod591stg.wpenginepowered.com,35,,,,
dv-bpelsg.int.dca.ca.gov,dv-bpelsg.int.dca.ca.gov,34,,,,
ibm-application-alb-687528217.us-west-2.elb.amazonaws.com,ibm-application-alb-687528217.us-west-2.elb.amazonaws.com,34,,,,
isbapplication.mbc.ca.gov,isbapplication.mbc.ca.gov,34,,,,
ota-ca-gov.prod591stg.wpenginepowered.com,ota-ca-gov.prod591stg.wpenginepowered.com,34,,,,
bopc-ca-gov.prod591stg.wpenginepowered.com,bopc-ca-gov.prod591stg.wpenginepowered.com,33,,,,
ko.rrd.dor.ca.gov,ko.rrd.dor.ca.gov,33,,,,
parentage-dcss-ca-gov.prod591stg.wpenginepowered.com,parentage-dcss-ca-gov.prod591stg.wpenginepowered.com,33,,,,
tribalaffairs-ca-gov.prod591stg.wpenginepowered.com,tribalaffairs-ca-gov.prod591stg.wpenginepowered.com,33,,,,
zh-cn.rrd.dor.ca.gov,zh-cn.rrd.dor.ca.gov,33,,,,
ets.cdpr.ca.gov,ets.cdpr.ca.gov,32,,,,
tl.rrd.dor.ca.gov,tl.rrd.dor.ca.gov,32,,,,
bpelsg-ca-gov.translate.goog,bpelsg-ca-gov.translate.goog,32,,,,
caalskillstest.cwdb.ca.gov,caalskillstest.cwdb.ca.gov,31,,,,
wedrawthelines-ca-gov.prod591stg.wpenginepowered.com,wedrawthelines-ca-gov.prod591stg.wpenginepowered.com,31,,,,
149.136.20.237,149.136.20.237,30,,,,
calcivilrights-ca-gov.prod591stg.wpenginepowered.com,calcivilrights-ca-gov.prod591stg.wpenginepowered.com,30,,,,
abc-ca-gov.translate.goog,abc-ca-gov.translate.goog,30,,,,
gov-ca-gov.translate.goog,gov-ca-gov.translate.goog,30,,,,
labor-ca-gov.prod591stg.wpenginepowered.com,labor-ca-gov.prod591stg.wpenginepowered.com,30,,,,
52.25.194.212,52.25.194.212,28,,,,
abcab-ca-gov.prod591stg.wpenginepowered.com,abcab-ca-gov.prod591stg.wpenginepowered.com,28,,,,
organic-computing-machine-6vj74wwpp4g3x5gw-3000.app.github.dev,organic-computing-machine-6vj74wwpp4g3x5gw-3000.app.github.dev,28,,,,
tqrt.dtsc.ca.gov,tqrt.dtsc.ca.gov,28,,,,
44.235.151.113,44.235.151.113,27,,,,
appsdev.wildlife.ca.gov,appsdev.wildlife.ca.gov,27,,,,
dv-ccap.int.dca.ca.gov,dv-ccap.int.dca.ca.gov,27,,,,
ibmwebseal-prod-alb-2053477811.us-west-2.elb.amazonaws.com,ibmwebseal-prod-alb-2053477811.us-west-2.elb.amazonaws.com,27,,,,
preview-calsta-tst.calsta.ca.gov,preview-calsta-tst.calsta.ca.gov,27,,,,
projectresources-cdt-ca-gov.prod591stg.wpenginepowered.com,projectresources-cdt-ca-gov.prod591stg.wpenginepowered.com,27,,,,
records-qa.ctc.ca.gov,records-qa.ctc.ca.gov,27,,,,
uiosit8ext.network1.corp.edd.ca.gov,uiosit8ext.network1.corp.edd.ca.gov,27,,,,
waterchallenge-data-ca-gov.prod591stg.wpenginepowered.com,waterchallenge-data-ca-gov.prod591stg.wpenginepowered.com,27,,,,
calpest.powerappsportals.us,calpest.powerappsportals.us,26,,,,
calsilc-ca-gov.prod591stg.wpenginepowered.com,calsilc-ca-gov.prod591stg.wpenginepowered.com,26,,,,
dv-bsis.int.dca.ca.gov,dv-bsis.int.dca.ca.gov,26,,,,
dv-ptbc.int.dca.ca.gov,dv-ptbc.int.dca.ca.gov,26,,,,
nl.hideproxy.me,nl.hideproxy.me,26,,,,
qr-dmv-ca-gov.translate.goog,qr-dmv-ca-gov.translate.goog,26,,,,
149.136.20.236,149.136.20.236,25,,,,
grants-test.ctc.ca.gov,grants-test.ctc.ca.gov,25,,,,
privacy-ca-gov.translate.goog,privacy-ca-gov.translate.goog,25,,,,
cannabis-ca-gov.translate.goog,cannabis-ca-gov.translate.goog,25,,,,
ftb-ca-gov.translate.goog,ftb-ca-gov.translate.goog,25,,,,
govops-ca-gov.prod591stg.wpenginepowered.com,govops-ca-gov.prod591stg.wpenginepowered.com,25,,,,
dev.immigrantguide.ca.gov,dev.immigrantguide.ca.gov,25,,,,
10.67.90.4,10.67.90.4,24,,,,
52.32.99.61,52.32.99.61,24,,,,
building.ca.gov,building.ca.gov,24,,,,
etp-ca-gov.prod591stg.wpenginepowered.com,etp-ca-gov.prod591stg.wpenginepowered.com,24,,,,
prod-internal-caspay.apps.fdcop4b.ext.dca.ca.gov,prod-internal-caspay.apps.fdcop4b.ext.dca.ca.gov,24,,,,
tahoe-ca-gov.prod591stg.wpenginepowered.com,tahoe-ca-gov.prod591stg.wpenginepowered.com,24,,,,
calrecycle-ca-gov.translate.goog,calrecycle-ca-gov.translate.goog,24,,,,
cubsuatrf.network1.corp.edd.ca.gov,cubsuatrf.network1.corp.edd.ca.gov,23,,,,
dv-cfb.int.dca.ca.gov,dv-cfb.int.dca.ca.gov,23,,,,
educatortools-test.ctc.ca.gov,educatortools-test.ctc.ca.gov,23,,,,
lci-wp-rec-prod2-h3gehwcfhda9bwgs.westus2-01.azurewebsites.net,lci-wp-rec-prod2-h3gehwcfhda9bwgs.westus2-01.azurewebsites.net,23,,,,
genai-ca-gov.prod591stg.wpenginepowered.com,genai-ca-gov.prod591stg.wpenginepowered.com,23,,,,
dv-abcab.int.dca.ca.gov,dv-abcab.int.dca.ca.gov,22,,,,
uat-my.dmv.ca.gov,uat-my.dmv.ca.gov,22,,,,
women.cdev.sites.ca.gov,women.cdev.sites.ca.gov,22,,,,
chp-ca-gov.translate.goog,chp-ca-gov.translate.goog,22,,,,
32.185.11.247,32.185.11.247,21,,,,
34.208.113.108,34.208.113.108,21,,,,
54.68.180.73,54.68.180.73,21,,,,
44.233.231.223,44.233.231.223,20,,,,
apps-test.calvet.ca.gov,apps-test.calvet.ca.gov,20,,,,
broadbandforall.cdev.sites.ca.gov,broadbandforall.cdev.sites.ca.gov,20,,,,
dtsc.cdev.sites.ca.gov,dtsc.cdev.sites.ca.gov,20,,,,
housingiskey.com,housingiskey.com,20,,,,
myfamilys.wic.ca.gov,myfamilys.wic.ca.gov,20,,,,
osg-ca-gov.prod591stg.wpenginepowered.com,osg-ca-gov.prod591stg.wpenginepowered.com,20,,,,
sbb-dev.wildlife.ca.gov,sbb-dev.wildlife.ca.gov,20,,,,
test.chp.ca.gov,test.chp.ca.gov,20,,,,
beta.dmvusa.com,beta.dmvusa.com,19,,,,
careereducation-gov-ca-gov.prod591stg.wpenginepowered.com,careereducation-gov-ca-gov.prod591stg.wpenginepowered.com,19,,,,
dv-dhbc.int.dca.ca.gov,dv-dhbc.int.dca.ca.gov,19,,,,
dv-ombc.int.dca.ca.gov,dv-ombc.int.dca.ca.gov,19,,,,
dv-pab.int.dca.ca.gov,dv-pab.int.dca.ca.gov,19,,,,
energysafety.cf.water.ca.gov,energysafety.cf.water.ca.gov,19,,,,
psdb33581.lexisnexis.com,psdb33581.lexisnexis.com,19,,,,
share.google,share.google,19,,,,
shsp-test.dot.ca.gov,shsp-test.dot.ca.gov,19,,,,
184.33.242.51,184.33.242.51,18,,,,
54.184.128.54,54.184.128.54,18,,,,
devhwtsadmin.dtsc.ca.local,devhwtsadmin.dtsc.ca.local,18,,,,
mets.127.0.0.1.nip.io,mets.127.0.0.1.nip.io,18,,,,
100.22.100.117,100.22.100.117,17,,,,
34.218.167.56,34.218.167.56,17,,,,
52.88.58.22,52.88.58.22,17,,,,
calguard-ca-gov.prod591stg.wpenginepowered.com,calguard-ca-gov.prod591stg.wpenginepowered.com,17,,,,
dv-pmbc.int.dca.ca.gov,dv-pmbc.int.dca.ca.gov,17,,,,
eaap-ca-gov.prod591stg.wpenginepowered.com,eaap-ca-gov.prod591stg.wpenginepowered.com,17,,,,
handbook-data-ca-gov.prod591stg.wpenginepowered.com,handbook-data-ca-gov.prod591stg.wpenginepowered.com,17,,,,
test.strtp.ccld.dss.ca.gov,test.strtp.ccld.dss.ca.gov,17,,,,
wpsostgext.dmhc.ca.gov,wpsostgext.dmhc.ca.gov,17,,,,
recovery.cdt.ca.gov,recovery.cdt.ca.gov,17,,,,
32.185.37.64,32.185.37.64,16,,,,
d.post.ca.gov,d.post.ca.gov,16,,,,
dv-acupuncture.int.dca.ca.gov,dv-acupuncture.int.dca.ca.gov,16,,,,
us2.proxysite.com,us2.proxysite.com,16,,,,
csd-ca-gov.translate.goog,csd-ca-gov.translate.goog,16,,,,
dev.mentalhealth.ca.gov,dev.mentalhealth.ca.gov,16,,,,
agewell.prod.sites.ca.gov,agewell.prod.sites.ca.gov,15,,,,
ancillary-proxy.atarimworker.io,ancillary-proxy.atarimworker.io,15,,,,
census-ca-gov.prod591stg.wpenginepowered.com,census-ca-gov.prod591stg.wpenginepowered.com,15,,,,
dv-bvnpt.int.dca.ca.gov,dv-bvnpt.int.dca.ca.gov,15,,,,
dv-latc.int.dca.ca.gov,dv-latc.int.dca.ca.gov,15,,,,
energysafetytest.cnra.ca.gov,energysafetytest.cnra.ca.gov,15,,,,
mhp-test.cdfa.ca.gov,mhp-test.cdfa.ca.gov,15,,,,
webstandards-ca-gov.prod591stg.wpenginepowered.com,webstandards-ca-gov.prod591stg.wpenginepowered.com,15,,,,
news-caloes-ca-gov.translate.goog,news-caloes-ca-gov.translate.goog,15,,,,
32.184.74.91,32.184.74.91,14,,,,
cdi-siu-int-test-web.azurewebsites.net,cdi-siu-int-test-web.azurewebsites.net,14,,,,
dv-bcsh.int.dca.ca.gov,dv-bcsh.int.dca.ca.gov,14,,,,
taxes-ca-gov.translate.goog,taxes-ca-gov.translate.goog,14,,,,
staging.opensource.code.ca.gov,staging.opensource.code.ca.gov,14,,,,
cubsperfrf2.network1.corp.edd.ca.gov,cubsperfrf2.network1.corp.edd.ca.gov,13,,,,
dev13cubs.network1.corp.edd.ca.gov,dev13cubs.network1.corp.edd.ca.gov,13,,,,
mswphcai-staging.hcai.10upmanaged.com,mswphcai-staging.hcai.10upmanaged.com,13,,,,
origin-www.ftb.ca.gov,origin-www.ftb.ca.gov,13,,,,
rebuildingca.ca.gov,rebuildingca.ca.gov,13,,,,
spwb-dev.esd.p.azurewebsites.net,spwb-dev.esd.p.azurewebsites.net,13,,,,
apps-dev.cdvadom.ca.gov,apps-dev.cdvadom.ca.gov,12,,,,
calcivilrights-ca-gov.translate.goog,calcivilrights-ca-gov.translate.goog,12,,,,
cawebtoolset.wpenginepowered.com,cawebtoolset.wpenginepowered.com,12,,,,
iservices.sccgov.org,iservices.sccgov.org,12,,,,
miniature-disco-q7w9pq9599529r5r-3000.app.github.dev,miniature-disco-q7w9pq9599529r5r-3000.app.github.dev,12,,,,
programs-api.alpha.bgov.com,programs-api.alpha.bgov.com,12,,,,
search-dca-ca-gov.translate.goog,search-dca-ca-gov.translate.goog,12,,,,
st-my.dmv.ca.gov,st-my.dmv.ca.gov,12,,,,
us3.proxysite.com,us3.proxysite.com,12,,,,
wpsodev.dmhc.ca.gov,wpsodev.dmhc.ca.gov,12,,,,
library-ca-gov.translate.goog,library-ca-gov.translate.goog,12,,,,
pmbc-ca-gov.translate.goog,pmbc-ca-gov.translate.goog,12,,,,
dot-drp.dot.ca.gov,dot-drp.dot.ca.gov,12,,,,
10.204.7.29,10.204.7.29,11,,,,
calpest-dev.powerappsportals.us,calpest-dev.powerappsportals.us,11,,,,
calpest-qa.powerappsportals.us,calpest-qa.powerappsportals.us,11,,,,
ccrpprf.network1.corp.edd.ca.gov,ccrpprf.network1.corp.edd.ca.gov,11,,,,
dv-dca-new.int.dca.ca.gov,dv-dca-new.int.dca.ca.gov,11,,,,
fx0421ev.ftb.ca.gov,fx0421ev.ftb.ca.gov,11,,,,
hcai-ca-gov.translate.goog,hcai-ca-gov.translate.goog,11,,,,
intl.dtsc.ca.gov,intl.dtsc.ca.gov,11,,,,
test22.calvet.ca.gov,test22.calvet.ca.gov,11,,,,
web.archive.org,web.archive.org,11,,,,
wpsostg.dmhc.ca.gov,wpsostg.dmhc.ca.gov,11,,,,
32.185.121.5,32.185.121.5,10,,,,
dnndmhcprod2023.dmhc.ca.gov,dnndmhcprod2023.dmhc.ca.gov,10,,,,
it-my.dmv.ca.gov,it-my.dmv.ca.gov,10,,,,
lax1-ib.adnxs.com,lax1-ib.adnxs.com,10,,,,
taxes-ca-gov.prod591stg.wpenginepowered.com,taxes-ca-gov.prod591stg.wpenginepowered.com,10,,,,
uiosit5ext.network1.corp.edd.ca.gov,uiosit5ext.network1.corp.edd.ca.gov,10,,,,
us1.proxysite.com,us1.proxysite.com,10,,,,
us4.proxysite.com,us4.proxysite.com,10,,,,
cjp-ca-gov.prod591stg.wpenginepowered.com,cjp-ca-gov.prod591stg.wpenginepowered.com,9,,,,
cwdb.cdev.sites.ca.gov,cwdb.cdev.sites.ca.gov,9,,,,
data.odasac.pollus.id,data.odasac.pollus.id,9,,,,
dev10uio.network1.corp.edd.ca.gov,dev10uio.network1.corp.edd.ca.gov,9,,,,
dev11uio.network1.corp.edd.ca.gov,dev11uio.network1.corp.edd.ca.gov,9,,,,
dev19uio.network1.corp.edd.ca.gov,dev19uio.network1.corp.edd.ca.gov,9,,,,
oycr-ca-gov.prod591stg.wpenginepowered.com,oycr-ca-gov.prod591stg.wpenginepowered.com,9,,,,
stage-rrd.dor.ca.gov,stage-rrd.dor.ca.gov,9,,,,
boe-ca-gov.translate.goog,boe-ca-gov.translate.goog,9,,,,
stage.mentalhealth.ca.gov,stage.mentalhealth.ca.gov,9,,,,
ctc-vis-perimeter-gateway-lb-1870423374.us-west-2.elb.amazonaws.com,ctc-vis-perimeter-gateway-lb-1870423374.us-west-2.elb.amazonaws.com,8,,,,
energysafety-test.local,energysafety-test.local,8,,,,
myfamilya.wic.ca.gov,myfamilya.wic.ca.gov,8,,,,
rebuildingca-contentful-git-dev-sprucetech1.vercel.app,rebuildingca-contentful-git-dev-sprucetech1.vercel.app,8,,,,
uiointdev1.network1.corp.edd.ca.gov,uiointdev1.network1.corp.edd.ca.gov,8,,,,
coastal-ca-gov.translate.goog,coastal-ca-gov.translate.goog,8,,,,
gettyimagesbank.com,gettyimagesbank.com,8,,,,
ploymarket.com,ploymarket.com,8,,,,
10.204.7.7,10.204.7.7,7,,,,
67.157.231.120,67.157.231.120,7,,,,
accepthwtsadmin.dtsc.ca.local,accepthwtsadmin.dtsc.ca.local,7,,,,
dev16cubs.network1.corp.edd.ca.gov,dev16cubs.network1.corp.edd.ca.gov,7,,,,
dev20cubs.network1.corp.edd.ca.gov,dev20cubs.network1.corp.edd.ca.gov,7,,,,
dv-courtreportersboard.int.dca.ca.gov,dv-courtreportersboard.int.dca.ca.gov,7,,,,
dv-naturopathic.int.dca.ca.gov,dv-naturopathic.int.dca.ca.gov,7,,,,
guardrail-saas.com,guardrail-saas.com,7,,,,
meetings-test.ctc.ca.gov,meetings-test.ctc.ca.gov,7,,,,
prod-test-dca-search-ui.apps.fdcop4b.ext.dca.ca.gov,prod-test-dca-search-ui.apps.fdcop4b.ext.dca.ca.gov,7,,,,
rec-web-dev-cnd4h5bsfjdwc3fc.westus2-01.azurewebsites.net,rec-web-dev-cnd4h5bsfjdwc3fc.westus2-01.azurewebsites.net,7,,,,
testds.prod.sites.ca.gov,testds.prod.sites.ca.gov,7,,,,
us11.proxysite.com,us11.proxysite.com,7,,,,
us12.proxysite.com,us12.proxysite.com,7,,,,
us9.proxysite.com,us9.proxysite.com,7,,,,
west.ultrahhc.com,west.ultrahhc.com,7,,,,
ots-ca-gov.translate.goog,ots-ca-gov.translate.goog,7,,,,
test.immigrantguide.ca.gov,test.immigrantguide.ca.gov,7,,,,
67.157.231.121,67.157.231.121,6,,,,
aging-ca-gov.translate.goog,aging-ca-gov.translate.goog,6,,,,
dev14uio.network1.corp.edd.ca.gov,dev14uio.network1.corp.edd.ca.gov,6,,,,
dot-ca-gov.translate.goog,dot-ca-gov.translate.goog,6,,,,
fx0424ev.ftb.ca.gov,fx0424ev.ftb.ca.gov,6,,,,
hpnmsowapp1.hpn.local,hpnmsowapp1.hpn.local,6,,,,
internet.staging.cdph.ca.gov,internet.staging.cdph.ca.gov,6,,,,
jul-nav-update.pr.digital.ca.gov,jul-nav-update.pr.digital.ca.gov,6,,,,
ltg-ca-gov.prod591stg.wpenginepowered.com,ltg-ca-gov.prod591stg.wpenginepowered.com,6,,,,
preview-dot-tst.dot.ca.gov,preview-dot-tst.dot.ca.gov,6,,,,
uioperfrf2.edd.ca.gov,uioperfrf2.edd.ca.gov,6,,,,
uiosit12int.network1.corp.edd.ca.gov,uiosit12int.network1.corp.edd.ca.gov,6,,,,
uiost15ext.network1.corp.edd.ca.gov,uiost15ext.network1.corp.edd.ca.gov,6,,,,
wave.webaim.org,wave.webaim.org,6,,,,
catc-tst.catc.ca.gov,catc-tst.catc.ca.gov,6,,,,
test.sites.ca.gov,test.sites.ca.gov,6,,,,
100.97.99.132,100.97.99.132,5,,,,
32.186.94.177,32.186.94.177,5,,,,
54.191.104.162,54.191.104.162,5,,,,
67.157.231.167,67.157.231.167,5,,,,
ccop-dev.dot.ca.gov,ccop-dev.dot.ca.gov,5,,,,
d138kw5gdnj6r3.cloudfront.net,d138kw5gdnj6r3.cloudfront.net,5,,,,
d3vciwww1cf3tt.cloudfront.net,d3vciwww1cf3tt.cloudfront.net,5,,,,
dev10cubs.network1.corp.edd.ca.gov,dev10cubs.network1.corp.edd.ca.gov,5,,,,
dev11cubs.network1.corp.edd.ca.gov,dev11cubs.network1.corp.edd.ca.gov,5,,,,
financials.fiscal.ca.gov,financials.fiscal.ca.gov,5,,,,
fix-docs-assets-passthrough.pr.hub.innovation.ca.gov,fix-docs-assets-passthrough.pr.hub.innovation.ca.gov,5,,,,
fx0426ev.ftb.ca.gov,fx0426ev.ftb.ca.gov,5,,,,
kinnser.net,kinnser.net,5,,,,
msow-ncal.kp.org,msow-ncal.kp.org,5,,,,
test6.test.sites.ca.gov,test6.test.sites.ca.gov,5,,,,
us5.proxysite.com,us5.proxysite.com,5,,,,
us6.proxysite.com,us6.proxysite.com,5,,,,
us7.proxysite.com,us7.proxysite.com,5,,,,
conservation-ca-gov.translate.goog,conservation-ca-gov.translate.goog,5,,,,
dbc-ca-gov.translate.goog,dbc-ca-gov.translate.goog,5,,,,
ctcvis-ext.org,ctcvis-ext.org,5,,,,
innovation-ca-gov.translate.goog,innovation-ca-gov.translate.goog,5,,,,
myfamily-wic-ca-gov.translate.goog,myfamily-wic-ca-gov.translate.goog,5,,,,
cleancalifornia-tst.dot.ca.gov,cleancalifornia-tst.dot.ca.gov,5,,,,
32.186.99.6,32.186.99.6,4,,,,
44.245.120.149,44.245.120.149,4,,,,
av.startpage.com,av.startpage.com,4,,,,
blogs-test.cdfa.ca.gov,blogs-test.cdfa.ca.gov,4,,,,
calvetid-dev.cdvadom.ca.gov,calvetid-dev.cdvadom.ca.gov,4,,,,
capitolmuseum-ca-gov.translate.goog,capitolmuseum-ca-gov.translate.goog,4,,,,
cfda-dev-ui-efh4fmbsfmgrb0ep.westus-01.azurewebsites.net,cfda-dev-ui-efh4fmbsfmgrb0ep.westus-01.azurewebsites.net,4,,,,
dof.esd.p.azurewebsites.net,dof.esd.p.azurewebsites.net,4,,,,
dv-rcb.int.dca.ca.gov,dv-rcb.int.dca.ca.gov,4,,,,
eu20.proxysite.com,eu20.proxysite.com,4,,,,
eu5.proxysite.com,eu5.proxysite.com,4,,,,
eu9.proxysite.com,eu9.proxysite.com,4,,,,
firebasestorage.googleapis.com,firebasestorage.googleapis.com,4,,,,
fx0423ev.ftb.ca.gov,fx0423ev.ftb.ca.gov,4,,,,
fx0425ev.ftb.ca.gov,fx0425ev.ftb.ca.gov,4,,,,
my2.siteimprove.com,my2.siteimprove.com,4,,,,
oal-ca-gov.translate.goog,oal-ca-gov.translate.goog,4,,,,
pr.maruf.biz,pr.maruf.biz,4,,,,
sierranevada-ca-gov.prod591stg.wpenginepowered.com,sierranevada-ca-gov.prod591stg.wpenginepowered.com,4,,,,
stage-tempcoverage.cdph.ca.gov,stage-tempcoverage.cdph.ca.gov,4,,,,
uiosit9int.network1.corp.edd.ca.gov,uiosit9int.network1.corp.edd.ca.gov,4,,,,
us10.proxysite.com,us10.proxysite.com,4,,,,
earthquake-ca-gov.translate.goog,earthquake-ca-gov.translate.goog,4,,,,
rn-ca-gov.translate.goog,rn-ca-gov.translate.goog,4,,,,
youthempowerment-ca-gov.prod591stg.wpenginepowered.com,youthempowerment-ca-gov.prod591stg.wpenginepowered.com,4,,,,
10.67.72.22,10.67.72.22,3,,,,
100.97.99.136,100.97.99.136,3,,,,
34.218.125.49,34.218.125.49,3,,,,
admin.sermo.com,admin.sermo.com,3,,,,
apps.cdpr.ca.gov,apps.cdpr.ca.gov,3,,,,
covid19-ca-gov.s3-website-us-west-1.amazonaws.com,covid19-ca-gov.s3-website-us-west-1.amazonaws.com,3,,,,
cppa-ca-gov.translate.goog,cppa-ca-gov.translate.goog,3,,,,
cupola.columbiabooks.com,cupola.columbiabooks.com,3,,,,
d32kh0iluq3ckc.cloudfront.net,d32kh0iluq3ckc.cloudfront.net,3,,,,
ddjqc6cck1v6f.cloudfront.net,ddjqc6cck1v6f.cloudfront.net,3,,,,
dev19cubs.network1.corp.edd.ca.gov,dev19cubs.network1.corp.edd.ca.gov,3,,,,
dichtienghoa.com,dichtienghoa.com,3,,,,
eu18.proxysite.com,eu18.proxysite.com,3,,,,
fathomless-ocean-52566.herokuapp.com,fathomless-ocean-52566.herokuapp.com,3,,,,
fx0422ev.ftb.ca.gov,fx0422ev.ftb.ca.gov,3,,,,
idea-guidebook.pr.hub.innovation.ca.gov,idea-guidebook.pr.hub.innovation.ca.gov,3,,,,
nameless-heart-8867.california-department-of-toxic-substances-control.workers.dev,nameless-heart-8867.california-department-of-toxic-substances-control.workers.dev,3,,,,
solarequipment-energy-ca-gov.translate.goog,solarequipment-energy-ca-gov.translate.goog,3,,,,
testcms2.edd.ca.gov,testcms2.edd.ca.gov,3,,,,
uiosit18int.network1.corp.edd.ca.gov,uiosit18int.network1.corp.edd.ca.gov,3,,,,
us14.proxysite.com,us14.proxysite.com,3,,,,
us15.proxysite.com,us15.proxysite.com,3,,,,
us19.proxysite.com,us19.proxysite.com,3,,,,
us20.proxysite.com,us20.proxysite.com,3,,,,
calhr-ca-gov.translate.goog,calhr-ca-gov.translate.goog,3,,,,
pab-ca-gov.translate.goog,pab-ca-gov.translate.goog,3,,,,
psychology-ca-gov.translate.goog,psychology-ca-gov.translate.goog,3,,,,
cba.ca.gov,cba.ca.gov,3,,,,
copyscape.com,copyscape.com,3,,,,
ctcvis-dev.org,ctcvis-dev.org,3,,,,
umenisveta.cz,umenisveta.cz,3,,,,
dev.recovery.cdt.ca.gov,dev.recovery.cdt.ca.gov,3,,,,
test.recovery.cdt.ca.gov,test.recovery.cdt.ca.gov,3,,,,
s3.amazonaws.com,s3.amazonaws.com,3,,,,
10.204.6.4,10.204.6.4,2,,,,
67.157.236.183,67.157.236.183,2,,,,
amazon-us-00-adhoc3.ff.epremo-akam.com,amazon-us-00-adhoc3.ff.epremo-akam.com,2,,,,
app.infominder.com,app.infominder.com,2,,,,
author-dot-drp.dot.ca.gov,author-dot-drp.dot.ca.gov,2,,,,
bondaccountability.esd.p.azurewebsites.net,bondaccountability.esd.p.azurewebsites.net,2,,,,
calvetid-test.calvet.ca.gov,calvetid-test.calvet.ca.gov,2,,,,
cfs.default.svc.cluster.local,cfs.default.svc.cluster.local,2,,,,
climateactidev.wpenginepowered.com,climateactidev.wpenginepowered.com,2,,,,
covid19.ca.gov,covid19.ca.gov,2,,,,
ctc-vis-sandbox-gateway-lb-707498168.us-west-2.elb.amazonaws.com,ctc-vis-sandbox-gateway-lb-707498168.us-west-2.elb.amazonaws.com,2,,,,
designsystem.webstandards.ca.gov.s3-website-us-west-1.amazonaws.com,designsystem.webstandards.ca.gov.s3-website-us-west-1.amazonaws.com,2,,,,
digital-id-strategy-endpoint-ecfwbjc3fkbchwaq.z01.azurefd.net,digital-id-strategy-endpoint-ecfwbjc3fkbchwaq.z01.azurefd.net,2,,,,
dof-ca-gov.translate.goog,dof-ca-gov.translate.goog,2,,,,
dq6xjrco99kue.cloudfront.net,dq6xjrco99kue.cloudfront.net,2,,,,
drought.ca.gov.s3-website-us-west-1.amazonaws.com,drought.ca.gov.s3-website-us-west-1.amazonaws.com,2,,,,
dv-housing.dca.ca.gov,dv-housing.dca.ca.gov,2,,,,
dvi59l23mjvo5.cloudfront.net,dvi59l23mjvo5.cloudfront.net,2,,,,
energy.cdev.sites.ca.gov,energy.cdev.sites.ca.gov,2,,,,
eu12.proxysite.com,eu12.proxysite.com,2,,,,
eu13.proxysite.com,eu13.proxysite.com,2,,,,
eu17.proxysite.com,eu17.proxysite.com,2,,,,
eu4.proxysite.com,eu4.proxysite.com,2,,,,
eu8.proxysite.com,eu8.proxysite.com,2,,,,
gis.cdph.ca.gov,gis.cdph.ca.gov,2,,,,
hcai.test,hcai.test,2,,,,
isime.servbank.com,isime.servbank.com,2,,,,
jainsid-sotw-datastores-gamma-2.s3.amazonaws.com,jainsid-sotw-datastores-gamma-2.s3.amazonaws.com,2,,,,
jul-idea-bucp-template.pr.hub.innovation.ca.gov,jul-idea-bucp-template.pr.hub.innovation.ca.gov,2,,,,
july-calhr.pr.results.ca.gov,july-calhr.pr.results.ca.gov,2,,,,
late-feather-3da1.california-department-of-toxic-substances-control.workers.dev,late-feather-3da1.california-department-of-toxic-substances-control.workers.dev,2,,,,
listmanagerstage.ftb.ca.gov,listmanagerstage.ftb.ca.gov,2,,,,
mets-test.dot.ca.gov,mets-test.dot.ca.gov,2,,,,
millvalleylibrary.org,millvalleylibrary.org,2,,,,
myfamilyd.wic.ca.gov,myfamilyd.wic.ca.gov,2,,,,
ncbca.nccosmeticarts.com,ncbca.nccosmeticarts.com,2,,,,
nym2-ib.adnxs.com,nym2-ib.adnxs.com,2,,,,
oal-ca-gov.prod591stg.wpenginepowered.com,oal-ca-gov.prod591stg.wpenginepowered.com,2,,,,
preview-catc-tst.catc.ca.gov,preview-catc-tst.catc.ca.gov,2,,,,
preview-cleancalifornia-tst.dot.ca.gov,preview-cleancalifornia-tst.dot.ca.gov,2,,,,
preview-dot-drp.dot.ca.gov,preview-dot-drp.dot.ca.gov,2,,,,
rest33.bullhornstaffing.com,rest33.bullhornstaffing.com,2,,,,
rondo.my.id,rondo.my.id,2,,,,
scribe.mediagrif.com,scribe.mediagrif.com,2,,,,
spwb.esd.p.azurewebsites.net,spwb.esd.p.azurewebsites.net,2,,,,
staging.strtp.ccld.dss.ca.gov,staging.strtp.ccld.dss.ca.gov,2,,,,
stgweb01,stgweb01,2,,,,
test-hcai-web.int.hcai.ca.gov,test-hcai-web.int.hcai.ca.gov,2,,,,
ua-bcsh.int.dca.ca.gov,ua-bcsh.int.dca.ca.gov,2,,,,
ua-dca.int.dca.ca.gov,ua-dca.int.dca.ca.gov,2,,,,
uat.elationsys.com,uat.elationsys.com,2,,,,
us17.proxysite.com,us17.proxysite.com,2,,,,
us8.proxysite.com,us8.proxysite.com,2,,,,
v22spseappt,v22spseappt,2,,,,
acupuncture-ca-gov.translate.goog,acupuncture-ca-gov.translate.goog,2,,,,
new.mbc.ca.gov,new.mbc.ca.gov,2,,,,
slc-ca-gov.translate.goog,slc-ca-gov.translate.goog,2,,,,
dealookup.com,dealookup.com,2,,,,
.jobdiva.com,.jobdiva.com,2,,,,
dmv.test,dmv.test,2,,,,
takeonalz.com,takeonalz.com,2,,,,
10.206.42.34,10.206.42.34,1,,,,
10.249.53.111,10.249.53.111,1,,,,
158.96.73.169,158.96.73.169,1,,,,
172.27.16.110,172.27.16.110,1,,,,
184.34.126.19,184.34.126.19,1,,,,
184.34.139.207,184.34.139.207,1,,,,
54.149.165.44,54.149.165.44,1,,,,
54.245.136.199,54.245.136.199,1,,,,
67.157.231.168,67.157.231.168,1,,,,
67.157.231.176,67.157.231.176,1,,,,
7635427.app.netsuite.com,7635427.app.netsuite.com,1,,,,
albegtprfudgxyylohldb,albegtprfudgxyylohldb,1,,,,
ams3-ib.adnxs.com,ams3-ib.adnxs.com,1,,,,
app-rrp-public-qa.ase-calctc-qa.appserviceenvironment.net,app-rrp-public-qa.ase-calctc-qa.appserviceenvironment.net,1,,,,
app-rrp-public-test.ase-calctc-test.appserviceenvironment.net,app-rrp-public-test.ase-calctc-test.appserviceenvironment.net,1,,,,
as-cdt-ods-webservices-stopfraud-p-001-abgjdjbffhaabgah.westus-01.azurewebsites.net,as-cdt-ods-webservices-stopfraud-p-001-abgjdjbffhaabgah.westus-01.azurewebsites.net,1,,,,
azbop.igovsolution.net,azbop.igovsolution.net,1,,,,
beuxtzqxpmsefxozvezxxeqyiizingoq,beuxtzqxpmsefxozvezxxeqyiizingoq,1,,,,
bqkayupbpbbcniyqgcevv,bqkayupbpbbcniyqgcevv,1,,,,
bucket.slashnext.systems,bucket.slashnext.systems,1,,,,
build-ca-gov.translate.goog,build-ca-gov.translate.goog,1,,,,
cachampionsforchangeauthor.cdph.ca.gov,cachampionsforchangeauthor.cdph.ca.gov,1,,,,
cai-int-web02,cai-int-web02,1,,,,
calcareers-ca-gov.translate.goog,calcareers-ca-gov.translate.goog,1,,,,
calfreshhealthyliving-cdph-ca-gov.translate.goog,calfreshhealthyliving-cdph-ca-gov.translate.goog,1,,,,
caproxy.vpnbook.com,caproxy.vpnbook.com,1,,,,
ckrpfrblzpmysphpyonvpbbfiyzhdr,ckrpfrblzpmysphpyonvpbbfiyzhdr,1,,,,
cphcs.hodesiq.com,cphcs.hodesiq.com,1,,,,
ctc-vis-performance-gateway-lb-1207726957.us-west-2.elb.amazonaws.com,ctc-vis-performance-gateway-lb-1207726957.us-west-2.elb.amazonaws.com,1,,,,
cust0350prod.morriseyhosting.com,cust0350prod.morriseyhosting.com,1,,,,
d14xeqr4iik9kf.cloudfront.net,d14xeqr4iik9kf.cloudfront.net,1,,,,
d20n96fwf1d76t.cloudfront.net,d20n96fwf1d76t.cloudfront.net,1,,,,
dev.strtp.ccld.dss.ca.gov,dev.strtp.ccld.dss.ca.gov,1,,,,
dev13uio.network1.corp.edd.ca.gov,dev13uio.network1.corp.edd.ca.gov,1,,,,
dev16uio.network1.corp.edd.ca.gov,dev16uio.network1.corp.edd.ca.gov,1,,,,
dev17cubs.network1.corp.edd.ca.gov,dev17cubs.network1.corp.edd.ca.gov,1,,,,
dev17uio.network1.corp.edd.ca.gov,dev17uio.network1.corp.edd.ca.gov,1,,,,
dev20uio.network1.corp.edd.ca.gov,dev20uio.network1.corp.edd.ca.gov,1,,,,
devfunding.int.hcai.ca.gov,devfunding.int.hcai.ca.gov,1,,,,
dha20409.training.reliaslearning.com,dha20409.training.reliaslearning.com,1,,,,
docs.ctc.ca.gov,docs.ctc.ca.gov,1,,,,
dv-bcsh.dca.ca.gov,dv-bcsh.dca.ca.gov,1,,,,
eamebolowrnfqodejjplpzbufcsnmfq,eamebolowrnfqodejjplpzbufcsnmfq,1,,,,
edkdezxstczng,edkdezxstczng,1,,,,
emr03.synergyemr.net,emr03.synergyemr.net,1,,,,
emr27.synergyemr.net,emr27.synergyemr.net,1,,,,
eu10.proxysite.com,eu10.proxysite.com,1,,,,
eu11.proxysite.com,eu11.proxysite.com,1,,,,
eu14.proxysite.com,eu14.proxysite.com,1,,,,
eu16.proxysite.com,eu16.proxysite.com,1,,,,
eu2.proxysite.com,eu2.proxysite.com,1,,,,
eu7.proxysite.com,eu7.proxysite.com,1,,,,
eytrzkgtxqbhv,eytrzkgtxqbhv,1,,,,
facilitycplantest.azurewebsites.net,facilitycplantest.azurewebsites.net,1,,,,
fahgzzritlegsasngmwjlmwkg,fahgzzritlegsasngmwjlmwkg,1,,,,
fbkcnckgaoxvsd,fbkcnckgaoxvsd,1,,,,
feakgavbfixnyafnnyxyoyhcgdbsqaab,feakgavbfixnyafnnyxyoyhcgdbsqaab,1,,,,
ff0a517904112f5227d5d16e5093174ea0986915737245e800cd464-apidata.googleusercontent.com,ff0a517904112f5227d5d16e5093174ea0986915737245e800cd464-apidata.googleusercontent.com,1,,,,
ffmiwkoqgbwfumohh,ffmiwkoqgbwfumohh,1,,,,
fix-broken-links-cleanup.pr.hub.innovation.ca.gov,fix-broken-links-cleanup.pr.hub.innovation.ca.gov,1,,,,
fpkltgoloaiodwohpeqiekfr,fpkltgoloaiodwohpeqiekfr,1,,,,
frwtpergacgvl,frwtpergacgvl,1,,,,
ftmhfdhlsnfudzqmeeyedyramuosicq,ftmhfdhlsnfudzqmeeyedyramuosicq,1,,,,
fuyfwcfjokbnef,fuyfwcfjokbnef,1,,,,
fwcgnddirizollvlhievkpfap,fwcgnddirizollvlhievkpfap,1,,,,
gednsvgwpwprodvhtbisxjv,gednsvgwpwprodvhtbisxjv,1,,,,
ggdrxwfcwmxuvrty,ggdrxwfcwmxuvrty,1,,,,
gtyebonvgtfyclke,gtyebonvgtfyclke,1,,,,
guladogcare.com,guladogcare.com,1,,,,
himicdiwbdhpbenxwvoixqhe,himicdiwbdhpbenxwvoixqhe,1,,,,
hnseremwlhpcczylcfecgbwcz,hnseremwlhpcczylcfecgbwcz,1,,,,
hub-innovation-ca-gov.translate.goog,hub-innovation-ca-gov.translate.goog,1,,,,
hwtejuswmgqsi,hwtejuswmgqsi,1,,,,
icentral.prod.sites.ca.gov,icentral.prod.sites.ca.gov,1,,,,
ifkbbdnhzdqhhdrisj,ifkbbdnhzdqhhdrisj,1,,,,
ijwgkxlblbmmlxztqqtvtvhppji,ijwgkxlblbmmlxztqqtvtvhppji,1,,,,
ingidevec.pages.dev,ingidevec.pages.dev,1,,,,
iro-intake-backend-579323079511.us-east1.run.app,iro-intake-backend-579323079511.us-east1.run.app,1,,,,
iubs-idea-1258344701.cos-website.ap-tianjin-dev.myqcloud.com,iubs-idea-1258344701.cos-website.ap-tianjin-dev.myqcloud.com,1,,,,
jftwfaxwtbnrkdlvt,jftwfaxwtbnrkdlvt,1,,,,
jnftwflebikd,jnftwflebikd,1,,,,
jycqxywtdlvsyzoygjxkrlmytidrg,jycqxywtdlvsyzoygjxkrlmytidrg,1,,,,
kaoayzsoudhqaifl,kaoayzsoudhqaifl,1,,,,
kwtitmqmbreuh,kwtitmqmbreuh,1,,,,
laif-2023-v2-dev.azurewebsites.net,laif-2023-v2-dev.azurewebsites.net,1,,,,
laif-sco.azurewebsites.net,laif-sco.azurewebsites.net,1,,,,
ltg-ca-gov.translate.goog,ltg-ca-gov.translate.goog,1,,,,
lxwgkbpxhzpiyrg,lxwgkbpxhzpiyrg,1,,,,
mekicecream.com,mekicecream.com,1,,,,
middle-mile-broadband-initiative.cdt.ca.gov,middle-mile-broadband-initiative.cdt.ca.gov,1,,,,
mkbnirgkmjqnumbuxskiowyrtp,mkbnirgkmjqnumbuxskiowyrtp,1,,,,
mnlcyleyhqccwarr,mnlcyleyhqccwarr,1,,,,
mqmlhdntfnvtqdlkdqeuaeklwg,mqmlhdntfnvtqdlkdqeuaeklwg,1,,,,
mvxpvgpldoxqararxtxchijadnxxifrz,mvxpvgpldoxqararxtxchijadnxxifrz,1,,,,
naphcare.icims.com,naphcare.icims.com,1,,,,
newprosel,newprosel,1,,,,
newsroom-test.ctc.ca.gov,newsroom-test.ctc.ca.gov,1,,,,
nxvtdsshpmydbphshxjhhhojmqbmpdz,nxvtdsshpmydbphshxjhhhojmqbmpdz,1,,,,
oczoycqtwgktq,oczoycqtwgktq,1,,,,
osg-ca-gov.translate.goog,osg-ca-gov.translate.goog,1,,,,
portalsr.com.br,portalsr.com.br,1,,,,
pqtvrjtaqjhfcpwhwsqtbzv,pqtvrjtaqjhfcpwhwsqtbzv,1,,,,
pr.cannabis.ca.gov.live.s3-website-us-west-1.amazonaws.com,pr.cannabis.ca.gov.live.s3-website-us-west-1.amazonaws.com,1,,,,
profiledata.blob.core.windows.net,profiledata.blob.core.windows.net,1,,,,
pxacwquxvicooldef,pxacwquxvicooldef,1,,,,
qc.4everproxy.com,qc.4everproxy.com,1,,,,
qlzbabqfpetstlwyqititc,qlzbabqfpetstlwyqititc,1,,,,
qmvtmacauhizdtdxekezhdnxun,qmvtmacauhizdtdxekezhdnxun,1,,,,
qogiijfytrbdutklbnjkeul,qogiijfytrbdutklbnjkeul,1,,,,
qorgcgeqxmqucnhvbnzhseevkua,qorgcgeqxmqucnhvbnzhseevkua,1,,,,
qqgufsptiwpgxkmtrqvrdk,qqgufsptiwpgxkmtrqvrdk,1,,,,
reg.sites.ca.gov,reg.sites.ca.gov,1,,,,
rewordify.com,rewordify.com,1,,,,
rggklypjubetpjqop,rggklypjubetpjqop,1,,,,
rmnkfohvdqcfifokhyxamq,rmnkfohvdqcfifokhyxamq,1,,,,
rxbmhntzrfoncm,rxbmhntzrfoncm,1,,,,
saferatwork-labor-ca-gov.prod591stg.wpenginepowered.com,saferatwork-labor-ca-gov.prod591stg.wpenginepowered.com,1,,,,
scdd-ca-gov.translate.goog,scdd-ca-gov.translate.goog,1,,,,
sectraining.esd.p.azurewebsites.net,sectraining.esd.p.azurewebsites.net,1,,,,
secure-devsite,secure-devsite,1,,,,
sierrabeautycollege.net,sierrabeautycollege.net,1,,,,
siteproxy-1.j7o.com,siteproxy-1.j7o.com,1,,,,
staging.cannabis.ca.gov.live.s3-website-us-west-1.amazonaws.com,staging.cannabis.ca.gov.live.s3-website-us-west-1.amazonaws.com,1,,,,
szbggmhrjhhdpxzpeuoosqwapgg,szbggmhrjhhdpxzpeuoosqwapgg,1,,,,
szxczimwxbyrpftd,szxczimwxbyrpftd,1,,,,
tdkswembqqjpvjmstryhi,tdkswembqqjpvjmstryhi,1,,,,
techblog.cdt.ca.gov,techblog.cdt.ca.gov,1,,,,
tjxzvkhivetqyeofwcogd,tjxzvkhivetqyeofwcogd,1,,,,
tordnxwlnmsxvgwlvhruicberkzvftm,tordnxwlnmsxvgwlvhruicberkzvftm,1,,,,
transcendpc.mercuryinsurance.com,transcendpc.mercuryinsurance.com,1,,,,
txvoanfvqgwndgbwt,txvoanfvqgwndgbwt,1,,,,
ua-bppe.int.dca.ca.gov,ua-bppe.int.dca.ca.gov,1,,,,
udxqmhnaukjbhmjy,udxqmhnaukjbhmjy,1,,,,
ufwelcuofdnohrtyntlmdcr,ufwelcuofdnohrtyntlmdcr,1,,,,
uggkenmskjgmozfpwckoykyio,uggkenmskjgmozfpwckoykyio,1,,,,
ui.wc1.screening.risk.lseg.com,ui.wc1.screening.risk.lseg.com,1,,,,
uiosit12ext.network1.corp.edd.ca.gov,uiosit12ext.network1.corp.edd.ca.gov,1,,,,
uiosit9ext.network1.corp.edd.ca.gov,uiosit9ext.network1.corp.edd.ca.gov,1,,,,
uiost16ext.network1.corp.edd.ca.gov,uiost16ext.network1.corp.edd.ca.gov,1,,,,
uiost9int.network1.corp.edd.ca.gov,uiost9int.network1.corp.edd.ca.gov,1,,,,
ukiesshgppuoaj,ukiesshgppuoaj,1,,,,
us16.proxysite.com,us16.proxysite.com,1,,,,
us3.my-proxy.com,us3.my-proxy.com,1,,,,
uxlgqdbnetpdxqoumofbaqz,uxlgqdbnetpdxqoumofbaqz,1,,,,
uyyyfavlpxmvtutktuox,uyyyfavlpxmvtutktuox,1,,,,
vglcnrwctxwy,vglcnrwctxwy,1,,,,
vjxstihlitilvddcv,vjxstihlitilvddcv,1,,,,
vpvvskjmsvzafjeejpntx,vpvvskjmsvzafjeejpntx,1,,,,
wcjfjrftyssq,wcjfjrftyssq,1,,,,
wcxtpzvyrxayqs,wcxtpzvyrxayqs,1,,,,
wekzpugzrnowabrtudthxcbgthlrmslq,wekzpugzrnowabrtudthxcbgthlrmslq,1,,,,
whrsyvublqmdqrjccy,whrsyvublqmdqrjccy,1,,,,
women-ca-gov.translate.goog,women-ca-gov.translate.goog,1,,,,
wrkijptfoitypd,wrkijptfoitypd,1,,,,
wsbckhswdhgfznlcpohzidcqtqujs,wsbckhswdhgfznlcpohzidcqtqujs,1,,,,
wsxpeiodmrxugicmeltezufwdeiso,wsxpeiodmrxugicmeltezufwdeiso,1,,,,
wussnrhcnfixbyfvmrarmhyipycg,wussnrhcnfixbyfvmrarmhyipycg,1,,,,
barbercosmo-ca-gov.translate.goog,barbercosmo-ca-gov.translate.goog,1,,,,
bbs-ca-gov.translate.goog,bbs-ca-gov.translate.goog,1,,,,
bppe-ca-gov.translate.goog,bppe-ca-gov.translate.goog,1,,,,
bsis-ca-gov.translate.goog,bsis-ca-gov.translate.goog,1,,,,
calvet-ca-gov.translate.goog,calvet-ca-gov.translate.goog,1,,,,
dmhc-ca-gov.translate.goog,dmhc-ca-gov.translate.goog,1,,,,
pestboard-ca-gov.translate.goog,pestboard-ca-gov.translate.goog,1,,,,
reducetherisk-ca-gov.translate.goog,reducetherisk-ca-gov.translate.goog,1,,,,
ssc-ca-gov.translate.goog,ssc-ca-gov.translate.goog,1,,,,
cdtfa.ca.gov,cdtfa.ca.gov,1,,,,
coastforyou.org,coastforyou.org,1,,,,
endorfix.com,endorfix.com,1,,,,
erecycle.org,erecycle.org,1,,,,
radv.dmv.ca.gov,radv.dmv.ca.gov,1,,,,
tsunami.ca.gov,tsunami.ca.gov,1,,,,
wxvydvpicenyprqdl,wxvydvpicenyprqdl,1,,,,
wyddfxsabkmkpkyrj,wyddfxsabkmkpkyrj,1,,,,
wztglzqhzpsiegwqz,wztglzqhzpsiegwqz,1,,,,
xrlgsgjgozjdjmieyjd,xrlgsgjgozjdjmieyjd,1,,,,
yejrowabbdvhdekeexljtrxclvbypt,yejrowabbdvhdekeexljtrxclvbypt,1,,,,
yldmlxtlcaizhs,yldmlxtlcaizhs,1,,,,
yplquykpxydxobfrslmktjjtucl,yplquykpxydxobfrslmktjjtucl,1,,,,
zfgovwkeqgrpaxmoiusgunbowtmh,zfgovwkeqgrpaxmoiusgunbowtmh,1,,,,
zjzolqmwqhhvjdbtynsclgfbqutp,zjzolqmwqhhvjdbtynsclgfbqutp,1,,,,
zmndlexxzjrhwpmjxmm,zmndlexxzjrhwpmjxmm,1,,,,
zpsbqyybmdlrrxzuzkklpxmrsvttksc,zpsbqyybmdlrrxzuzkklpxmrsvttksc,1,,,,
zquaimgulkdka,zquaimgulkdka,1,,,,
admed.org.pl,admed.org.pl,0,,,,
cdph-default,cdph-default,0,,,,
cozyearth.com,cozyearth.com,0,,,,
emsa.ca.gov,emsa.ca.gov,0,,,,
june-closure.pr.engaged.ca.gov,june-closure.pr.engaged.ca.gov,0,,,,
pakmcqs.com,pakmcqs.com,0,,,,
coach.com,coach.com,0,,,,
electrobat.com,electrobat.com,0,,,,
zenzeroshop.it,zenzeroshop.it,0,,,,